term,estimate,std.error,statistic,p.value,nct_id,model_n
(Intercept),-2.639,0.313,-8.4178329286,3.835121758647971e-17,NCT00696241,1
age_std,0.071,0.238,0.2958648839,0.7673332697,NCT00696241,1
sex,0.116,0.358,0.3246033368,0.7454813015,NCT00696241,1
como_cnt,0.308,0.236,1.3045603235,0.192042606,NCT00696241,1
(Intercept),-2.675,0.32,-8.3679549303,5.862680739310804e-17,NCT00696241,2
age_std,0.062,0.24,0.2577806543,0.7965761957,NCT00696241,2
sex,0.086,0.36,0.2392474479,0.8109137126,NCT00696241,2
como_cnt,0.705,0.631,1.1158277183,0.2644958866,NCT00696241,2
I(como_cnt^2),-0.208,0.314,-0.6615538129,0.5082572162,NCT00696241,2
(Intercept),-2.44,0.261,-9.339446603,9.683893040450968e-21,NCT00696241,5
age_std,0.084,0.238,0.3514874881,0.7252226575,NCT00696241,5
sex,0.062,0.354,0.1749234514,0.8611397828,NCT00696241,5
(Intercept),-2.703,0.333,-8.1265150513,4.4180866565944716e-16,NCT00696241,3
age_std,0.134,0.251,0.5329574068,0.594063065,NCT00696241,3
I(age_std^2),0.132,0.216,0.6109553038,0.5412291707,NCT00696241,3
sex,0.102,0.36,0.2819813416,0.7779578172,NCT00696241,3
como_cnt,0.306,0.236,1.2957829983,0.1950502571,NCT00696241,3
(Intercept),-2.745,0.34,-8.0820471367,6.36884769046438e-16,NCT00696241,4
age_std,0.127,0.25,0.5076430804,0.6117036726,NCT00696241,4
I(age_std^2),0.14,0.216,0.6487663012,0.5164894422,NCT00696241,4
sex,0.068,0.362,0.1873536898,0.8513833298,NCT00696241,4
como_cnt,0.721,0.633,1.1397090769,0.2544075243,NCT00696241,4
I(como_cnt^2),-0.217,0.315,-0.6907867639,0.4896995547,NCT00696241,4
(Intercept),-2.417,0.301,-8.0291170953,9.817662072347478e-16,NCT00696436,1
age_std,0.309,0.232,1.3347856725,0.1819465041,NCT00696436,1
sex,0.31,0.344,0.9011582142,0.3675042046,NCT00696436,1
como_cnt,0.062,0.203,0.3044075692,0.7608174019,NCT00696436,1
(Intercept),-2.304,0.304,-7.5818115844,3.4076291160471515e-14,NCT00696436,2
age_std,0.319,0.235,1.3553527047,0.1753052105,NCT00696436,2
sex,0.32,0.349,0.916739952,0.3592789253,NCT00696436,2
como_cnt,-0.682,0.427,-1.5968941013,0.1102893149,NCT00696436,2
I(como_cnt^2),0.236,0.114,2.0758998418,0.0379032154,NCT00696436,2
(Intercept),-2.373,0.262,-9.0504434389,1.4238891048361893e-19,NCT00696436,5
age_std,0.318,0.23,1.3835824599,0.1664863421,NCT00696436,5
sex,0.29,0.337,0.8606493605,0.3894311913,NCT00696436,5
(Intercept),-2.301,0.324,-7.0908377445,1.3330256298235647e-12,NCT00696436,3
age_std,0.212,0.27,0.7850733386,0.4324105705,NCT00696436,3
I(age_std^2),-0.255,0.287,-0.8906383188,0.3731232351,NCT00696436,3
sex,0.299,0.343,0.871179096,0.3836563719,NCT00696436,3
como_cnt,0.065,0.201,0.3221421645,0.7473449967,NCT00696436,3
(Intercept),-2.202,0.327,-6.7389021263,1.595878503817592e-11,NCT00696436,4
age_std,0.232,0.272,0.8539227226,0.3931478085,NCT00696436,4
I(age_std^2),-0.232,0.29,-0.8008956716,0.4231920461,NCT00696436,4
sex,0.315,0.349,0.9019251938,0.3670966071,NCT00696436,4
como_cnt,-0.666,0.428,-1.5575844497,0.1193317873,NCT00696436,4
I(como_cnt^2),0.231,0.114,2.0285246776,0.0425067273,NCT00696436,4
(Intercept),-2.596,0.05,-52.1816895795,0,NCT00262600,1
age_std,0.409,0.045,8.9943027884,2.3773632030928557e-19,NCT00262600,1
como_cnt,0.157,0.019,8.467208525,2.5134388679111708e-17,NCT00262600,1
(Intercept),-2.581,0.052,-49.3611593339,0,NCT00262600,2
age_std,0.411,0.046,9.0256603566,1.7861481694604409e-19,NCT00262600,2
como_cnt,0.12,0.044,2.7552943803,0.0058639349,NCT00262600,2
I(como_cnt^2),0.009,0.01,0.9450253217,0.3446459487,NCT00262600,2
(Intercept),-2.446,0.046,-53.4370030519,0,NCT00262600,5
age_std,0.452,0.045,10.0203165047,1.2410487354998345e-23,NCT00262600,5
(Intercept),-2.598,0.047,-55.2953137152,0,NCT00262600,3
age_std,0.011,0.06,0.185705058,0.8526760616,NCT00262600,3
I(age_std^2),0.327,0.04,8.1624375584,3.283303202468122e-16,NCT00262600,3
como_cnt,0.157,0.019,8.4588012145,2.7014007367855263e-17,NCT00262600,3
(Intercept),-2.584,0.05,-52.0368957464,0,NCT00262600,4
age_std,0.013,0.06,0.2215578146,0.8246581254,NCT00262600,4
I(age_std^2),0.326,0.04,8.1540539444,3.5192377279791324e-16,NCT00262600,4
como_cnt,0.122,0.044,2.8072665081,0.0049963886,NCT00262600,4
I(como_cnt^2),0.009,0.01,0.8869678247,0.3750962235,NCT00262600,4
(Intercept),-2.427,0.15,-16.1422095846,1.2884497671731405e-58,NCT00291330,1
age_std,0.039,0.069,0.5674441291,0.5704124755,NCT00291330,1
sex,-0.085,0.144,-0.5894326779,0.5555710608,NCT00291330,1
como_cnt,0.069,0.054,1.2578763828,0.2084364661,NCT00291330,1
(Intercept),-2.52,0.173,-14.5652065146,4.675694378910059e-48,NCT00291330,2
age_std,0.038,0.069,0.5476306352,0.5839455496,NCT00291330,2
sex,-0.086,0.144,-0.5970493711,0.5504744186,NCT00291330,2
como_cnt,0.215,0.141,1.5230817295,0.1277382592,NCT00291330,2
I(como_cnt^2),-0.033,0.03,-1.1074020561,0.2681201373,NCT00291330,2
(Intercept),-2.302,0.11,-20.8731174785,9.399925319485065e-97,NCT00291330,5
age_std,0.06,0.067,0.8960002381,0.3702526361,NCT00291330,5
sex,-0.1,0.143,-0.698979862,0.4845646161,NCT00291330,5
(Intercept),-2.479,0.167,-14.8712441588,5.066299797482118e-50,NCT00291330,3
age_std,0.073,0.082,0.8887993699,0.3741109146,NCT00291330,3
I(age_std^2),0.042,0.057,0.7288282351,0.4661067378,NCT00291330,3
sex,-0.065,0.146,-0.4466129291,0.6551545589,NCT00291330,3
como_cnt,0.068,0.054,1.2466373692,0.2125304931,NCT00291330,3
(Intercept),-2.574,0.188,-13.680344052,1.330616153908035e-42,NCT00291330,4
age_std,0.073,0.082,0.8854190783,0.3759306464,NCT00291330,4
I(age_std^2),0.043,0.057,0.7515690574,0.4523102571,NCT00291330,4
sex,-0.066,0.146,-0.4495700278,0.6530205037,NCT00291330,4
como_cnt,0.216,0.141,1.531294755,0.1256965613,NCT00291330,4
I(como_cnt^2),-0.034,0.03,-1.1200557394,0.2626900101,NCT00291330,4
(Intercept),-3.13,0.168,-18.6627676746,9.944463672037895e-78,NCT00329238,1
age_std,-0.191,0.082,-2.3223745578,0.0202127761,NCT00329238,1
sex,0.174,0.16,1.0840010502,0.2783643332,NCT00329238,1
como_cnt,0.22,0.06,3.6749944918,2.3785454612963643e-4,NCT00329238,1
(Intercept),-3.226,0.184,-17.5488978743,6.064544440646945e-69,NCT00329238,2
age_std,-0.21,0.083,-2.5139614921,0.0119383468,NCT00329238,2
sex,0.174,0.16,1.0839170154,0.2784015945,NCT00329238,2
como_cnt,0.411,0.154,2.6713611444,0.0075544321,NCT00329238,2
I(como_cnt^2),-0.046,0.035,-1.3220381192,0.1861554578,NCT00329238,2
(Intercept),-2.793,0.132,-21.0842524692,1.1095264021854408e-98,NCT00329238,5
age_std,-0.082,0.076,-1.0841051855,0.278318164,NCT00329238,5
sex,0.123,0.159,0.7747598495,0.4384815784,NCT00329238,5
(Intercept),-3.337,0.185,-18.0297752396,1.1375311417983252e-72,NCT00329238,3
age_std,-0.007,0.098,-0.0671657194,0.9464497754,NCT00329238,3
I(age_std^2),0.181,0.061,2.9920108597,0.002771464,NCT00329238,3
sex,0.25,0.163,1.5331880643,0.1252295242,NCT00329238,3
como_cnt,0.218,0.06,3.6072107782,3.095062301255865e-4,NCT00329238,3
(Intercept),-3.46,0.204,-16.9582602112,1.6722287542119167e-64,NCT00329238,4
age_std,-0.022,0.098,-0.2220252311,0.8242942419,NCT00329238,4
I(age_std^2),0.189,0.061,3.1015675631,0.0019249894,NCT00329238,4
sex,0.254,0.163,1.5564456539,0.1196021562,NCT00329238,4
como_cnt,0.443,0.157,2.8140362998,0.0048923704,NCT00329238,4
I(como_cnt^2),-0.054,0.035,-1.5134065255,0.1301764285,NCT00329238,4
(Intercept),-1.76,0.559,-3.1508150578,0.0016281555,NCT00402233,1
age_std,-0.031,0.388,-0.0799515514,0.936275789,NCT00402233,1
sex,-1.296,0.552,-2.3481791119,0.0188654469,NCT00402233,1
como_cnt,0.147,0.172,0.8502900452,0.3951638497,NCT00402233,1
(Intercept),-1.947,0.721,-2.6987243178,0.006960581,NCT00402233,2
age_std,-0.049,0.391,-0.1257328259,0.8999434168,NCT00402233,2
sex,-1.298,0.552,-2.3498517794,0.0187808881,NCT00402233,2
como_cnt,0.383,0.568,0.6743330348,0.5000996062,NCT00402233,2
I(como_cnt^2),-0.046,0.106,-0.4365600435,0.6624304454,NCT00402233,2
(Intercept),-1.411,0.355,-3.9711468959,7.152745651613595e-5,NCT00402233,5
age_std,0,0.383,4.0989250857012755e-4,0.9996729531,NCT00402233,5
sex,-1.33,0.549,-2.4204054713,0.0155032095,NCT00402233,5
(Intercept),-1.842,0.619,-2.9746224322,0.0029334937,NCT00402233,3
age_std,-0.044,0.377,-0.1168037844,0.9070155448,NCT00402233,3
I(age_std^2),0.138,0.435,0.3172451655,0.7510575814,NCT00402233,3
sex,-1.29,0.552,-2.3355321867,0.0195156365,NCT00402233,3
como_cnt,0.15,0.173,0.8674505791,0.385695179,NCT00402233,3
(Intercept),-2.041,0.778,-2.6232043235,0.0087107016,NCT00402233,4
age_std,-0.066,0.38,-0.1722364081,0.863251676,NCT00402233,4
I(age_std^2),0.147,0.435,0.3383795102,0.7350772129,NCT00402233,4
sex,-1.292,0.553,-2.3377860715,0.0193983485,NCT00402233,4
como_cnt,0.395,0.57,0.6924655742,0.4886449979,NCT00402233,4
I(como_cnt^2),-0.048,0.106,-0.4504252918,0.6524038116,NCT00402233,4
(Intercept),-1.623,0.273,-5.9517960077,2.6521581445435725e-9,NCT00466167,1
age_std,0.215,0.255,0.8411841358,0.4002447865,NCT00466167,1
sex,-0.113,0.318,-0.3558030794,0.7219880427,NCT00466167,1
como_cnt,-0.209,0.167,-1.2518939159,0.210608522,NCT00466167,1
(Intercept),-1.703,0.291,-5.8463760353,5.023976485265441e-9,NCT00466167,2
age_std,0.22,0.256,0.8616188212,0.3888973104,NCT00466167,2
sex,-0.107,0.317,-0.338640475,0.7348805876,NCT00466167,2
como_cnt,0.121,0.429,0.2818577056,0.7780526212,NCT00466167,2
I(como_cnt^2),-0.123,0.155,-0.7963633202,0.4258208913,NCT00466167,2
(Intercept),-1.819,0.232,-7.84984164,4.165629241458717e-15,NCT00466167,5
age_std,0.135,0.247,0.5478956005,0.5837635899,NCT00466167,5
sex,-0.065,0.315,-0.2064031769,0.8364759895,NCT00466167,5
(Intercept),-1.569,0.3,-5.2350072043,1.6497842861461537e-7,NCT00466167,3
age_std,0.207,0.263,0.7867209788,0.4314452205,NCT00466167,3
I(age_std^2),-0.148,0.345,-0.4306302541,0.6667372394,NCT00466167,3
sex,-0.109,0.318,-0.3416818315,0.7325903465,NCT00466167,3
como_cnt,-0.204,0.167,-1.2211211899,0.2220401378,NCT00466167,3
(Intercept),-1.653,0.319,-5.1801938414,2.2165544478901924e-7,NCT00466167,4
age_std,0.214,0.263,0.8144384801,0.4153938019,NCT00466167,4
I(age_std^2),-0.131,0.347,-0.3763903341,0.7066267308,NCT00466167,4
sex,-0.103,0.318,-0.3251637497,0.7450571427,NCT00466167,4
como_cnt,0.116,0.43,0.2705147479,0.7867642725,NCT00466167,4
I(como_cnt^2),-0.12,0.155,-0.7746571905,0.4385422536,NCT00466167,4
(Intercept),-2.233,0.319,-6.9972486501,2.610377814684157e-12,NCT00479401,1
age_std,-0.383,0.266,-1.4359775624,0.151008726,NCT00479401,1
sex,-0.011,0.345,-0.0327445131,0.9738783266,NCT00479401,1
como_cnt,0.21,0.141,1.4883713931,0.1366529765,NCT00479401,1
(Intercept),-2.205,0.352,-6.2718519533,3.56778742752399e-10,NCT00479401,2
age_std,-0.374,0.271,-1.3808703978,0.1673188132,NCT00479401,2
sex,-0.01,0.345,-0.028564677,0.9772117842,NCT00479401,2
como_cnt,0.143,0.388,0.3669302614,0.7136710381,NCT00479401,2
I(como_cnt^2),0.018,0.097,0.18783530440000001,0.8510057594,NCT00479401,2
(Intercept),-1.966,0.252,-7.8003646802,6.172852807229788e-15,NCT00479401,5
age_std,-0.288,0.257,-1.1180051922,0.2635647758,NCT00479401,5
sex,-0.024,0.343,-0.0695233862,0.9445730182,NCT00479401,5
(Intercept),-2.319,0.355,-6.5282900363,6.652478340074756e-11,NCT00479401,3
age_std,-0.349,0.263,-1.3274936671,0.1843454335,NCT00479401,3
I(age_std^2),0.159,0.271,0.5853397856,0.5583192681,NCT00479401,3
sex,0.008,0.347,0.0236736127,0.9811129541,NCT00479401,3
como_cnt,0.211,0.142,1.4901034115,0.1361970473,NCT00479401,3
(Intercept),-2.29,0.385,-5.9535684849,2.623579946504975e-9,NCT00479401,4
age_std,-0.341,0.267,-1.277539373,0.2014118892,NCT00479401,4
I(age_std^2),0.158,0.271,0.5858082826,0.5580043572,NCT00479401,4
sex,0.01,0.347,0.0278651395,0.9777697123,NCT00479401,4
como_cnt,0.143,0.39,0.3662608853,0.7141704138,NCT00479401,4
I(como_cnt^2),0.018,0.098,0.1893498615,0.8498186183,NCT00479401,4
(Intercept),-4.737,0.451,-10.4940856532,9.196374474680524e-26,NCT00558259,1
age_std,-0.635,0.209,-3.035419843,0.0024020106,NCT00558259,1
sex,0.37,0.398,0.9278992995,0.3534598078,NCT00558259,1
como_cnt,0.277,0.144,1.9191496045,0.0549654032,NCT00558259,1
(Intercept),-4.904,0.499,-9.8323427017,8.169583132388414e-23,NCT00558259,2
age_std,-0.672,0.214,-3.1413705678,0.0016815912,NCT00558259,2
sex,0.387,0.399,0.9702488574,0.3319224628,NCT00558259,2
como_cnt,0.587,0.387,1.5157576596,0.1295806419,NCT00558259,2
I(como_cnt^2),-0.073,0.088,-0.8326040155,0.4050680936,NCT00558259,2
(Intercept),-4.264,0.346,-12.3140604548,7.609620746455771e-35,NCT00558259,5
age_std,-0.479,0.187,-2.5570089912,0.0105576489,NCT00558259,5
sex,0.275,0.394,0.6974334896,0.4855315492,NCT00558259,5
(Intercept),-4.656,0.464,-10.030271317,1.1220784570204159e-23,NCT00558259,3
age_std,-0.835,0.349,-2.3925731419,0.016730693,NCT00558259,3
I(age_std^2),-0.137,0.182,-0.7532450558,0.451302669,NCT00558259,3
sex,0.337,0.4,0.8425715805,0.3994680909,NCT00558259,3
como_cnt,0.277,0.143,1.9308594888,0.0535004312,NCT00558259,3
(Intercept),-4.814,0.512,-9.4014236681,5.3829713956079794e-21,NCT00558259,4
age_std,-0.85,0.347,-2.4475974441,0.0143812232,NCT00558259,4
I(age_std^2),-0.125,0.183,-0.6845864322,0.4936049311,NCT00558259,4
sex,0.355,0.401,0.8864388551,0.3753810893,NCT00558259,4
como_cnt,0.562,0.384,1.4644010851,0.1430843918,NCT00558259,4
I(como_cnt^2),-0.068,0.087,-0.776126985,0.4376740119,NCT00558259,4
(Intercept),-2.306,0.139,-16.5722853975,1.1054332816416298e-61,NCT00680186,1
age_std,0.015,0.063,0.2438528917,0.8073447549,NCT00680186,1
sex,-0.02,0.134,-0.150139066,0.8806548991,NCT00680186,1
como_cnt,0.085,0.053,1.6218037211,0.1048453815,NCT00680186,1
(Intercept),-2.232,0.153,-14.6214576661,2.0496452750766266e-48,NCT00680186,2
age_std,0.017,0.063,0.2664311146,0.789907205,NCT00680186,2
sex,-0.023,0.134,-0.1702037734,0.8648498843,NCT00680186,2
como_cnt,-0.035,0.12,-0.2939396617,0.7688040105,NCT00680186,2
I(como_cnt^2),0.028,0.025,1.1320972724,0.2575935415,NCT00680186,2
(Intercept),-2.162,0.105,-20.6756884417,5.734278466395074e-95,NCT00680186,5
age_std,0.041,0.061,0.6668105754,0.5048931368,NCT00680186,5
sex,-0.034,0.134,-0.2519071832,0.8011128072,NCT00680186,5
(Intercept),-2.355,0.152,-15.5298254435,2.1797231819174506e-54,NCT00680186,3
age_std,0.052,0.076,0.68966444,0.4904052331,NCT00680186,3
I(age_std^2),0.043,0.051,0.8399391641,0.4009424973,NCT00680186,3
sex,-0.008,0.135,-0.0586351131,0.9532427425,NCT00680186,3
como_cnt,0.085,0.053,1.6083382144,0.1077611255,NCT00680186,3
(Intercept),-2.281,0.165,-13.8367117471,1.5304926346903382e-43,NCT00680186,4
age_std,0.053,0.076,0.689808168,0.4903148314,NCT00680186,4
I(age_std^2),0.041,0.051,0.8085673303,0.4187640628,NCT00680186,4
sex,-0.011,0.135,-0.08253773,0.9342191165,NCT00680186,4
como_cnt,-0.033,0.12,-0.2778157618,0.7811537912,NCT00680186,4
I(como_cnt^2),0.027,0.025,1.1073911328,0.268124858,NCT00680186,4
(Intercept),-2.357,0.229,-10.3061447603,6.609995561399207e-25,NCT01164501,1
age_std,-0.178,0.21,-0.8480510692,0.3964095302,NCT01164501,1
sex,0.457,0.264,1.7343451176,0.0828568667,NCT01164501,1
como_cnt,0.212,0.169,1.2545380993,0.2096464867,NCT01164501,1
(Intercept),-2.321,0.231,-10.0657420701,7.829463787832825e-24,NCT01164501,2
age_std,-0.165,0.212,-0.7791495705,0.4358916125,NCT01164501,2
sex,0.452,0.264,1.7091051901,0.0874314664,NCT01164501,2
como_cnt,-0.152,0.39,-0.390244305,0.6963559029,NCT01164501,2
I(como_cnt^2),0.135,0.127,1.0639388144,0.2873564182,NCT01164501,2
(Intercept),-2.282,0.218,-10.4506316611,1.4555254863947809e-25,NCT01164501,5
age_std,-0.194,0.21,-0.922326675,0.3563582041,NCT01164501,5
sex,0.453,0.263,1.7214694446,0.0851656722,NCT01164501,5
(Intercept),-2.56,0.252,-10.1668454081,2.787918279565144e-24,NCT01164501,3
age_std,-0.267,0.192,-1.3858608482,0.1657893979,NCT01164501,3
I(age_std^2),0.443,0.191,2.314901346,0.0206183317,NCT01164501,3
sex,0.492,0.267,1.8432426201,0.0652935947,NCT01164501,3
como_cnt,0.211,0.17,1.2407211244,0.2147087878,NCT01164501,3
(Intercept),-2.522,0.253,-9.9765428337,1.9307708056561138e-23,NCT01164501,4
age_std,-0.258,0.193,-1.3424796687,0.1794405183,NCT01164501,4
I(age_std^2),0.45,0.19,2.3642314604,0.0180675206,NCT01164501,4
sex,0.483,0.267,1.8085518095,0.070520661,NCT01164501,4
como_cnt,-0.177,0.393,-0.4510312461,0.6519670292,NCT01164501,4
I(como_cnt^2),0.144,0.128,1.1282510297,0.2592139184,NCT01164501,4
(Intercept),-2.267,0.541,-4.1920755186,2.7641394595281446e-5,NCT00034840,1
age_std,0.407,0.378,1.0783606455,0.2808728425,NCT00034840,1
sex,-0.37,0.554,-0.6676571539,0.5043524658,NCT00034840,1
como_cnt,0.147,0.223,0.6603114192,0.5090540036,NCT00034840,1
(Intercept),-2.301,0.612,-3.7573220631,1.7174140397655712e-4,NCT00034840,2
age_std,0.409,0.378,1.0824875458,0.2790359464,NCT00034840,2
sex,-0.354,0.569,-0.6225269352,0.5335954382,NCT00034840,2
como_cnt,0.207,0.548,0.3773671159,0.7059008012,NCT00034840,2
I(como_cnt^2),-0.018,0.148,-0.1187319633,0.9054877126,NCT00034840,2
(Intercept),-2.108,0.479,-4.3964484797,1.100364633519459e-5,NCT00034840,5
age_std,0.434,0.375,1.1561994154,0.2475995989,NCT00034840,5
sex,-0.373,0.554,-0.6733530438,0.5007227142,NCT00034840,5
(Intercept),-2.362,0.581,-4.0661319708,4.7799874417427837e-5,NCT00034840,3
age_std,0.518,0.431,1.2034454038,0.2288040067,NCT00034840,3
I(age_std^2),0.194,0.406,0.4786577614,0.6321821193,NCT00034840,3
sex,-0.341,0.558,-0.6110319602,0.5411784221,NCT00034840,3
como_cnt,0.148,0.224,0.661273339,0.508437036,NCT00034840,3
(Intercept),-2.39,0.646,-3.6990752299,2.1638646068294307e-4,NCT00034840,4
age_std,0.519,0.431,1.2043473372,0.2284553576,NCT00034840,4
I(age_std^2),0.193,0.407,0.4740811285,0.6354420554,NCT00034840,4
sex,-0.328,0.573,-0.5713586754,0.5677565354,NCT00034840,4
como_cnt,0.199,0.551,0.3610862332,0.7180349843,NCT00034840,4
I(como_cnt^2),-0.015,0.149,-0.101017549,0.9195365293,NCT00034840,4
(Intercept),-2.121,0.469,-4.5203844076,6.172744252135702e-6,NCT00133198,1
age_std,-0.379,0.229,-1.6597283901,0.0969691054,NCT00133198,1
sex,0.776,0.403,1.9238772251,0.0543699746,NCT00133198,1
como_cnt,0.068,0.154,0.4389682958,0.6606845089,NCT00133198,1
(Intercept),-2.102,0.545,-3.8548825318,1.157852103915536e-4,NCT00133198,2
age_std,-0.376,0.232,-1.6208662559,0.1050463251,NCT00133198,2
sex,0.773,0.406,1.9045348125,0.0568405673,NCT00133198,2
como_cnt,0.043,0.4,0.106973582,0.914809938,NCT00133198,2
I(como_cnt^2),0.006,0.087,0.0676211345,0.946087231,NCT00133198,2
(Intercept),-1.967,0.305,-6.4501448999,1.1174326151334574e-10,NCT00133198,5
age_std,-0.356,0.222,-1.6002743563,0.1095377331,NCT00133198,5
sex,0.737,0.393,1.8748014677,0.0608200412,NCT00133198,5
(Intercept),-2.129,0.48,-4.4324731637,9.315830057508269e-6,NCT00133198,3
age_std,-0.854,0.439,-1.9442747866,0.0518623235,NCT00133198,3
I(age_std^2),-0.305,0.221,-1.3816306781,0.1670851293,NCT00133198,3
sex,0.84,0.409,2.0559436587,0.0397879472,NCT00133198,3
como_cnt,0.071,0.155,0.459573146,0.6458226381,NCT00133198,3
(Intercept),-2.102,0.554,-3.7920205302,1.494265575710119e-4,NCT00133198,4
age_std,-0.85,0.441,-1.9291966367,0.0537064556,NCT00133198,4
I(age_std^2),-0.306,0.221,-1.3829203884,0.166689278,NCT00133198,4
sex,0.836,0.41,2.0391597097,0.0414340906,NCT00133198,4
como_cnt,0.035,0.399,0.0873716773,0.9303760815,NCT00133198,4
I(como_cnt^2),0.009,0.086,0.098606743,0.921450516,NCT00133198,4
(Intercept),-3.318,0.233,-14.2409122337,5.1056195811365786e-46,NCT00152971,1
age_std,0.094,0.166,0.5678820705,0.5701150472,NCT00152971,1
sex,0.033,0.213,0.1572727539,0.8750298922,NCT00152971,1
como_cnt,0.161,0.054,2.9759005116,0.0029212962,NCT00152971,1
(Intercept),-3.076,0.276,-11.1408762967,7.933485884852698e-29,NCT00152971,2
age_std,0.088,0.166,0.5289739671,0.5968235091,NCT00152971,2
sex,0.042,0.213,0.195741587,0.8448124323,NCT00152971,2
como_cnt,-0.06,0.159,-0.3804817208,0.7035878628,NCT00152971,2
I(como_cnt^2),0.033,0.022,1.4875443907,0.1368710881,NCT00152971,2
(Intercept),-2.85,0.158,-18.0690172795,5.590055488303501e-73,NCT00152971,5
age_std,0.125,0.166,0.7549658583,0.4502694679,NCT00152971,5
sex,-0.031,0.211,-0.1455476126,0.8842785265,NCT00152971,5
(Intercept),-3.338,0.24,-13.8931984024,6.965414243952555e-44,NCT00152971,3
age_std,0.049,0.209,0.2353435163,0.8139421223,NCT00152971,3
I(age_std^2),0.065,0.193,0.338663929,0.734862917,NCT00152971,3
sex,0.036,0.213,0.1671159309,0.8672788313,NCT00152971,3
como_cnt,0.161,0.054,2.9714559435,0.002963914,NCT00152971,3
(Intercept),-3.096,0.283,-10.9483077853,6.7700550283443605e-28,NCT00152971,4
age_std,0.045,0.21,0.2126838241,0.8315735846,NCT00152971,4
I(age_std^2),0.062,0.194,0.3198396189,0.7490899124,NCT00152971,4
sex,0.043,0.213,0.2035890665,0.8386746378,NCT00152971,4
como_cnt,-0.06,0.159,-0.37826084,0.7052368331,NCT00152971,4
I(como_cnt^2),0.033,0.022,1.4834000869,0.1379681444,NCT00152971,4
(Intercept),-1.485,0.157,-9.4313696578,4.04768454963786e-21,NCT00153023,1
age_std,0.203,0.146,1.3907261674,0.1643084795,NCT00153023,1
sex,-0.154,0.178,-0.8660094245,0.3864849935,NCT00153023,1
como_cnt,0.109,0.077,1.4138910456,0.1573938955,NCT00153023,1
(Intercept),-1.566,0.171,-9.158957446,5.240110133814981e-20,NCT00153023,2
age_std,0.197,0.146,1.3477804976,0.1777289923,NCT00153023,2
sex,-0.162,0.178,-0.9074054298,0.3641924391,NCT00153023,2
como_cnt,0.357,0.203,1.7525871282,0.0796729023,NCT00153023,2
I(como_cnt^2),-0.076,0.059,-1.2993229248,0.1938331301,NCT00153023,2
(Intercept),-1.389,0.141,-9.855269164,6.504218561032291e-23,NCT00153023,5
age_std,0.243,0.144,1.6870441557,0.0915948618,NCT00153023,5
sex,-0.126,0.177,-0.7144625315,0.4749412171,NCT00153023,5
(Intercept),-1.32,0.171,-7.7104602742,1.2536477383289706e-14,NCT00153023,3
age_std,0.217,0.162,1.3381710371,0.1808406882,NCT00153023,3
I(age_std^2),-0.511,0.227,-2.2474158426,0.0246134635,NCT00153023,3
sex,-0.158,0.179,-0.8860115448,0.3756113061,NCT00153023,3
como_cnt,0.119,0.077,1.534996532,0.1247846799,NCT00153023,3
(Intercept),-1.402,0.183,-7.6407203751,2.1600972952195905e-14,NCT00153023,4
age_std,0.211,0.162,1.3010326173,0.1932472903,NCT00153023,4
I(age_std^2),-0.515,0.228,-2.2625163602,0.0236655192,NCT00153023,4
sex,-0.166,0.179,-0.9256647365,0.3546202393,NCT00153023,4
como_cnt,0.373,0.204,1.8246850648,0.0680485683,NCT00153023,4
I(como_cnt^2),-0.078,0.059,-1.3284710801,0.1840225313,NCT00153023,4
(Intercept),-1.639,0.336,-4.87450847,1.0907970566671457e-6,NCT00153088,1
age_std,0.046,0.271,0.1707093987,0.8644522722,NCT00153088,1
sex,0.032,0.315,0.1023583306,0.9184722572,NCT00153088,1
como_cnt,0.06,0.121,0.4932774141,0.6218165849,NCT00153088,1
(Intercept),-1.517,0.374,-4.0592448447,4.9231670839131095e-5,NCT00153088,2
age_std,0.075,0.274,0.272015705,0.7856099437,NCT00153088,2
sex,0.03,0.315,0.0942732054,0.9248921341,NCT00153088,2
como_cnt,-0.144,0.308,-0.4658681603,0.6413098729,NCT00153088,2
I(como_cnt^2),0.05,0.069,0.7206559752,0.4711212054,NCT00153088,2
(Intercept),-1.541,0.268,-5.7440351399,9.24465901371535e-9,NCT00153088,5
age_std,0.062,0.271,0.2296551453,0.8183597521,NCT00153088,5
sex,0.017,0.313,0.0550505871,0.9560981622,NCT00153088,5
(Intercept),-1.737,0.35,-4.9661637346,6.829030409204658e-7,NCT00153088,3
age_std,0.131,0.272,0.4820058283,0.6298018059,NCT00153088,3
I(age_std^2),0.387,0.346,1.1163460064,0.2642740557,NCT00153088,3
sex,0.044,0.316,0.1389721591,0.8894721494,NCT00153088,3
como_cnt,0.04,0.122,0.3260721406,0.7443697747,NCT00153088,3
(Intercept),-1.617,0.388,-4.1682721397,3.069173662955123e-5,NCT00153088,4
age_std,0.158,0.276,0.5719918858,0.5673274719,NCT00153088,4
I(age_std^2),0.38,0.347,1.0933786927,0.2742275648,NCT00153088,4
sex,0.04,0.316,0.12541798739999999,0.9001926487,NCT00153088,4
como_cnt,-0.155,0.31,-0.4978747019,0.6185723593,NCT00153088,4
I(como_cnt^2),0.048,0.07,0.6853458092,0.4931257313,NCT00153088,4
(Intercept),-2.348,0.117,-20.0501698978,2.0115701967963152e-89,NCT00168818,1
age_std,0.447,0.106,4.2128074618,2.522160475511408e-5,NCT00168818,1
sex,-0.176,0.143,-1.2365158135,0.2162668914,NCT00168818,1
como_cnt,0.1,0.047,2.1402709087,0.0323328796,NCT00168818,1
(Intercept),-2.336,0.121,-19.2320431137,1.9960729055472328e-82,NCT00168818,2
age_std,0.446,0.106,4.1998095894,2.6713953780676237e-5,NCT00168818,2
sex,-0.177,0.143,-1.2366501623,0.2162169885,NCT00168818,2
como_cnt,0.053,0.133,0.3981510603,0.6905188383,NCT00168818,2
I(como_cnt^2),0.012,0.032,0.3800537868,0.7039054892,NCT00168818,2
(Intercept),-2.242,0.104,-21.4662404555,3.2204094367179286e-102,NCT00168818,5
age_std,0.453,0.106,4.2746641716,1.9142561002881025e-5,NCT00168818,5
sex,-0.178,0.143,-1.2493695095,0.2115299551,NCT00168818,5
(Intercept),-2.42,0.125,-19.3198547647,3.656778547777473e-83,NCT00168818,3
age_std,0.366,0.108,3.3964158503,6.827454668939396e-4,NCT00168818,3
I(age_std^2),0.16,0.093,1.7163456204,0.0860988032,NCT00168818,3
sex,-0.174,0.143,-1.2151151373,0.224322181,NCT00168818,3
como_cnt,0.102,0.047,2.1732347599,0.0297626529,NCT00168818,3
(Intercept),-2.409,0.13,-18.5848292073,4.263550632491936e-77,NCT00168818,4
age_std,0.365,0.108,3.3905225723,6.975950958600612e-4,NCT00168818,4
I(age_std^2),0.159,0.093,1.7079906652,0.0876380746,NCT00168818,4
sex,-0.174,0.143,-1.2158525407,0.2240410999,NCT00168818,4
como_cnt,0.059,0.134,0.4392327156,0.660492922,NCT00168818,4
I(como_cnt^2),0.011,0.032,0.3465689534,0.7289151735,NCT00168818,4
(Intercept),-1.209,0.16,-7.5772290214,3.5301331276354256e-14,NCT00168857,1
age_std,0.074,0.138,0.5361264211,0.591871181,NCT00168857,1
sex,-0.189,0.175,-1.0798436569,0.2802118067,NCT00168857,1
como_cnt,-0.036,0.065,-0.5471849616,0.5842516668,NCT00168857,1
(Intercept),-1.085,0.175,-6.1975086566,5.736388467924637e-10,NCT00168857,2
age_std,0.077,0.138,0.5589791222,0.5761759688,NCT00168857,2
sex,-0.193,0.175,-1.0978596873,0.2722657634,NCT00168857,2
como_cnt,-0.251,0.148,-1.6992676535,0.0892687643,NCT00168857,2
I(como_cnt^2),0.05,0.031,1.6427261489,0.100439606,NCT00168857,2
(Intercept),-1.258,0.134,-9.411536831,4.8893489882689895e-21,NCT00168857,5
age_std,0.069,0.137,0.5040132254,0.6142520833,NCT00168857,5
sex,-0.203,0.173,-1.1684620046,0.2426204568,NCT00168857,5
(Intercept),-1.314,0.175,-7.5146260313,5.70738437160361e-14,NCT00168857,3
age_std,0.118,0.135,0.8741408057,0.3820415777,NCT00168857,3
I(age_std^2),0.235,0.152,1.5413773095,0.1232249831,NCT00168857,3
sex,-0.188,0.175,-1.0697988665,0.2847098526,NCT00168857,3
como_cnt,-0.03,0.065,-0.4687615093,0.6392401154,NCT00168857,3
(Intercept),-1.19,0.19,-6.2767286849,3.4577067718280473e-10,NCT00168857,4
age_std,0.122,0.136,0.8989961684,0.3686547015,NCT00168857,4
I(age_std^2),0.231,0.152,1.5162388814,0.1294589598,NCT00168857,4
sex,-0.192,0.176,-1.09021256,0.2756195219,NCT00168857,4
como_cnt,-0.244,0.148,-1.6458470191,0.0997952591,NCT00168857,4
I(como_cnt^2),0.05,0.031,1.6216011906,0.1048887676,NCT00168857,4
(Intercept),-2.051,0.247,-8.2935823471,1.098878028463452e-16,NCT00274599,1
age_std,-0.124,0.172,-0.7172302592,0.4732320313,NCT00274599,1
sex,-0.215,0.233,-0.9222434969,0.3564015793,NCT00274599,1
como_cnt,0.045,0.116,0.3837392856,0.701171692,NCT00274599,1
(Intercept),-2.045,0.26,-7.8579660916,3.904209530830592e-15,NCT00274599,2
age_std,-0.124,0.172,-0.7177214182,0.4729290744,NCT00274599,2
sex,-0.215,0.233,-0.9212390308,0.3569256447,NCT00274599,2
como_cnt,0.028,0.257,0.1078880147,0.9140845245,NCT00274599,2
I(como_cnt^2),0.006,0.076,0.0733532972,0.9415249809,NCT00274599,2
(Intercept),-2,0.208,-9.6308798165,5.922022818826393e-22,NCT00274599,5
age_std,-0.123,0.172,-0.7126826895,0.4760421305,NCT00274599,5
sex,-0.224,0.232,-0.9653797482,0.3343546412,NCT00274599,5
(Intercept),-2.082,0.25,-8.3362375301,7.669178303711612e-17,NCT00274599,3
age_std,0.006,0.233,0.025041401,0.9800219407,NCT00274599,3
I(age_std^2),0.134,0.172,0.7772786381,0.4369943954,NCT00274599,3
sex,-0.215,0.233,-0.9207152004,0.357199138,NCT00274599,3
como_cnt,0.047,0.116,0.4062225058,0.6845791191,NCT00274599,3
(Intercept),-2.077,0.263,-7.9066221624,2.6446676383952215e-15,NCT00274599,4
age_std,0.006,0.233,0.0239734951,0.9808737505,NCT00274599,4
I(age_std^2),0.134,0.172,0.7762254818,0.437615863,NCT00274599,4
sex,-0.214,0.233,-0.9197367914,0.3577103215,NCT00274599,4
como_cnt,0.033,0.258,0.127787985,0.8983167587,NCT00274599,4
I(como_cnt^2),0.005,0.076,0.0620094298,0.9505553225,NCT00274599,4
(Intercept),-2.101,0.219,-9.5819157306,9.5261313539722155e-022,NCT00274612,1
age_std,0.223,0.163,1.3702079311,0.1706220033,NCT00274612,1
sex,-0.029,0.232,-0.1269697842,0.8989643136,NCT00274612,1
como_cnt,0.126,0.126,1.0073313923,0.3137755489,NCT00274612,1
(Intercept),-2.065,0.229,-9.0295382968,1.723976140868086e-19,NCT00274612,2
age_std,0.23,0.163,1.4112633736,0.1581669699,NCT00274612,2
sex,-0.028,0.232,-0.1223476272,0.9026237143,NCT00274612,2
como_cnt,-0.005,0.283,-0.0193009615,0.9846010169,NCT00274612,2
I(como_cnt^2),0.048,0.092,0.5247311656,0.5997700888,NCT00274612,2
(Intercept),-1.986,0.184,-10.8127104078,2.9968238669691045e-27,NCT00274612,5
age_std,0.244,0.161,1.5124306649,0.1304243388,NCT00274612,5
sex,-0.044,0.231,-0.1894978641,0.849702629,NCT00274612,5
(Intercept),-2.155,0.231,-9.3377496052,9.840330970785944e-21,NCT00274612,3
age_std,0.305,0.19,1.6014218081,0.1092835257,NCT00274612,3
I(age_std^2),0.125,0.163,0.7664126575,0.4434308038,NCT00274612,3
sex,-0.021,0.232,-0.0919649321,0.9267259016,NCT00274612,3
como_cnt,0.123,0.126,0.9797722934,0.3271985315,NCT00274612,3
(Intercept),-2.119,0.24,-8.8254269637,1.0904298895810427e-18,NCT00274612,4
age_std,0.312,0.191,1.630166037,0.1030664099,NCT00274612,4
I(age_std^2),0.124,0.163,0.7568139036,0.4491613619,NCT00274612,4
sex,-0.02,0.232,-0.086269678,0.9312520421,NCT00274612,4
como_cnt,-0.006,0.284,-0.0206000583,0.9835646939,NCT00274612,4
I(como_cnt^2),0.047,0.093,0.5109650017,0.6093755637,NCT00274612,4
(Intercept),-0.863,0.23,-3.7488186407,1.7766950265212417e-4,NCT00472199,1
age_std,-0.291,0.159,-1.8269511299,0.0677071176,NCT00472199,1
sex,-0.152,0.251,-0.60294992,0.5465420053,NCT00472199,1
como_cnt,-0.027,0.104,-0.2627496005,0.7927435839,NCT00472199,1
(Intercept),-0.795,0.258,-3.0764852891,0.0020945664,NCT00472199,2
age_std,-0.282,0.16,-1.7612491647,0.07819624,NCT00472199,2
sex,-0.165,0.253,-0.6538274384,0.5132229868,NCT00472199,2
como_cnt,-0.124,0.2,-0.6223179064,0.5337328491,NCT00472199,2
I(como_cnt^2),0.021,0.037,0.5785038782,0.5629239798,NCT00472199,2
(Intercept),-0.906,0.16,-5.6683035795,1.4421827321377736e-8,NCT00472199,5
age_std,-0.305,0.15,-2.0296823368,0.0423888395,NCT00472199,5
sex,-0.149,0.251,-0.5939897361,0.5525189779,NCT00472199,5
(Intercept),-0.779,0.242,-3.2175917426,0.0012927168,NCT00472199,3
age_std,-0.452,0.218,-2.0732254582,0.0381513022,NCT00472199,3
I(age_std^2),-0.177,0.155,-1.1414675976,0.2536753885,NCT00472199,3
sex,-0.136,0.252,-0.5408549082,0.5886075931,NCT00472199,3
como_cnt,-0.032,0.105,-0.3078177455,0.7582210178,NCT00472199,3
(Intercept),-0.699,0.271,-2.5834126995,0.0097828222,NCT00472199,4
age_std,-0.447,0.218,-2.0486903484,0.0404924036,NCT00472199,4
I(age_std^2),-0.184,0.156,-1.1788946971,0.2384401096,NCT00472199,4
sex,-0.151,0.253,-0.5957786167,0.5513231305,NCT00472199,4
como_cnt,-0.143,0.2,-0.713374582,0.4756139974,NCT00472199,4
I(como_cnt^2),0.024,0.037,0.6607552676,0.5087692741,NCT00472199,4
(Intercept),-1.666,0.108,-15.365355557000001,2.795010563725611e-53,NCT00657150,1
age_std,0.223,0.096,2.3275305136,0.0199370469,NCT00657150,1
sex,-0.541,0.142,-3.8099089568,1.3901797546847185e-4,NCT00657150,1
como_cnt,-0.085,0.042,-2.0373547571,0.0416145042,NCT00657150,1
(Intercept),-1.63,0.113,-14.4562332396,2.289912121585606e-47,NCT00657150,2
age_std,0.223,0.096,2.3220937876,0.0202278861,NCT00657150,2
sex,-0.539,0.142,-3.7925639537,1.4909983451673052e-4,NCT00657150,2
como_cnt,-0.187,0.105,-1.7780566101,0.0753945578,NCT00657150,2
I(como_cnt^2),0.023,0.021,1.0760224015,0.2819172379,NCT00657150,2
(Intercept),-1.792,0.091,-19.65738051,4.998801321121736e-86,NCT00657150,5
age_std,0.197,0.095,2.0755282416,0.0379376042,NCT00657150,5
sex,-0.533,0.142,-3.7545005207,1.7368748407618542e-4,NCT00657150,5
(Intercept),-1.796,0.12,-14.9342166587,1.9737991493309137e-50,NCT00657150,3
age_std,0.246,0.089,2.7674565939,0.0056495568,NCT00657150,3
I(age_std^2),0.201,0.073,2.7474175069,0.0060066617,NCT00657150,3
sex,-0.54,0.143,-3.7881855245,1.5175151695111702e-4,NCT00657150,3
como_cnt,-0.087,0.042,-2.0757954918,0.0379128695,NCT00657150,3
(Intercept),-1.761,0.124,-14.1835820879,1.1578233184229429e-45,NCT00657150,4
age_std,0.246,0.089,2.7686514047,0.0056288825,NCT00657150,4
I(age_std^2),0.202,0.073,2.7499946022,0.0059596246,NCT00657150,4
sex,-0.538,0.143,-3.7691204958,1.6382379097006308e-4,NCT00657150,4
como_cnt,-0.19,0.106,-1.8000953385,0.0718455855,NCT00657150,4
I(como_cnt^2),0.023,0.021,1.0831167614,0.2787566001,NCT00657150,4
(Intercept),-2.773,0.213,-13.0140809141,1.0175925550706431e-38,NCT00926289,1
age_std,-0.279,0.173,-1.6111998474,0.1071361711,NCT00926289,1
sex,-0.061,0.264,-0.2313490427,0.8170436494,NCT00926289,1
como_cnt,0.359,0.127,2.8341748607,0.0045944185,NCT00926289,1
(Intercept),-2.799,0.218,-12.8181668133,1.2973154958336732e-37,NCT00926289,2
age_std,-0.277,0.173,-1.5970384882,0.1102571282,NCT00926289,2
sex,-0.068,0.264,-0.257430976,0.796846093,NCT00926289,2
como_cnt,0.529,0.312,1.6989324526,0.0893319115,NCT00926289,2
I(como_cnt^2),-0.055,0.093,-0.5852478673,0.5583810632,NCT00926289,2
(Intercept),-2.567,0.191,-13.4147961739,4.952929638691725e-41,NCT00926289,5
age_std,-0.2,0.17,-1.1758318477,0.2396620772,NCT00926289,5
sex,-0.049,0.263,-0.1853102679,0.8529856849,NCT00926289,5
(Intercept),-2.787,0.224,-12.454411582,1.3232381533642354e-35,NCT00926289,3
age_std,-0.257,0.203,-1.2634708887,0.2064200022,NCT00926289,3
I(age_std^2),0.03,0.146,0.2075934577,0.8355464131,NCT00926289,3
sex,-0.061,0.264,-0.2296152489,0.8183907566,NCT00926289,3
como_cnt,0.357,0.127,2.8225996003,0.0047636023,NCT00926289,3
(Intercept),-2.817,0.23,-12.2391954489,1.9192565434264808e-34,NCT00926289,4
age_std,-0.25,0.202,-1.235403299,0.2166804456,NCT00926289,4
I(age_std^2),0.037,0.146,0.2524844322,0.8006666457,NCT00926289,4
sex,-0.068,0.265,-0.2558728586,0.7980490128,NCT00926289,4
como_cnt,0.532,0.311,1.7102345439,0.0872225103,NCT00926289,4
I(como_cnt^2),-0.056,0.093,-0.6007870455,0.5479818335,NCT00926289,4
(Intercept),-2.307,0.428,-5.3965174639,6.794680099980046e-8,NCT01335464,1
age_std,0.348,0.236,1.4726591577,0.1408429646,NCT01335464,1
sex,0.822,0.395,2.0811011279,0.0374246506,NCT01335464,1
como_cnt,-0.129,0.087,-1.4803602388,0.1387771351,NCT01335464,1
(Intercept),-2.262,0.442,-5.1142457987,3.1499696623362255e-7,NCT01335464,2
age_std,0.352,0.237,1.4860872814,0.137256036,NCT01335464,2
sex,0.824,0.395,2.0852832674,0.0370435954,NCT01335464,2
como_cnt,-0.208,0.221,-0.9396883796,0.3473774275,NCT01335464,2
I(como_cnt^2),0.017,0.044,0.392123996,0.6949665982,NCT01335464,2
(Intercept),-2.571,0.392,-6.5529578877,5.64084281071032e-11,NCT01335464,5
age_std,0.253,0.227,1.1161787753,0.2643456178,NCT01335464,5
sex,0.891,0.392,2.2742183316,0.0229528626,NCT01335464,5
(Intercept),-2.421,0.433,-5.5861634914,2.3214070734731064e-8,NCT01335464,3
age_std,-0.051,0.31,-0.1658584758,0.8682683263,NCT01335464,3
I(age_std^2),0.5,0.282,1.7725669408,0.0763004938,NCT01335464,3
sex,0.863,0.397,2.1736798679,0.0297291856,NCT01335464,3
como_cnt,-0.132,0.088,-1.5100010151,0.1310431651,NCT01335464,3
(Intercept),-2.378,0.45,-5.2896814302,1.2252958610334798e-7,NCT01335464,4
age_std,-0.046,0.31,-0.1477605297,0.88253176,NCT01335464,4
I(age_std^2),0.498,0.282,1.7639036774,0.0777481976,NCT01335464,4
sex,0.864,0.397,2.1745492131,0.0296639137,NCT01335464,4
como_cnt,-0.204,0.222,-0.9205550616,0.3572827733,NCT01335464,4
I(como_cnt^2),0.016,0.044,0.3545479991,0.722928239,NCT01335464,4
(Intercept),-2.523,0.331,-7.6140923645,2.6555085714369234e-14,NCT01335477,1
age_std,0.798,0.236,3.3752841965,7.37394991460036e-4,NCT01335477,1
sex,0.168,0.282,0.5944644721,0.552201498,NCT01335477,1
como_cnt,0.202,0.07,2.8679657833,0.0041312021,NCT01335477,1
(Intercept),-2.265,0.366,-6.184413741,6.23336858336862e-10,NCT01335477,2
age_std,0.845,0.239,3.5300679162,4.154530045407249e-4,NCT01335477,2
sex,0.128,0.285,0.4482742719,0.6539552663,NCT01335477,2
como_cnt,-0.076,0.195,-0.3914531484,0.6954623134,NCT01335477,2
I(como_cnt^2),0.048,0.032,1.5188958146,0.1287887227,NCT01335477,2
(Intercept),-2.061,0.28,-7.3507697387,1.9706865506861404e-13,NCT01335477,5
age_std,0.902,0.232,3.8867946255,1.0157662233619685e-4,NCT01335477,5
sex,0.086,0.279,0.3095413375,0.7569097723,NCT01335477,5
(Intercept),-2.523,0.33,-7.6521761672,1.9760626458545057e-14,NCT01335477,3
age_std,0.562,0.401,1.4002095648,0.1614505725,NCT01335477,3
I(age_std^2),0.224,0.32,0.6985862412,0.4848106446,NCT01335477,3
sex,0.168,0.282,0.5958114904,0.5513011668,NCT01335477,3
como_cnt,0.204,0.071,2.8977558394,0.0037584306,NCT01335477,3
(Intercept),-2.267,0.366,-6.1997828626,5.654111270623097e-10,NCT01335477,4
age_std,0.631,0.409,1.5447661181,0.1224028455,NCT01335477,4
I(age_std^2),0.202,0.323,0.6243762034,0.5323805493,NCT01335477,4
sex,0.128,0.285,0.4489833352,0.6534436783,NCT01335477,4
como_cnt,-0.069,0.196,-0.3539590512,0.7233695715,NCT01335477,4
I(como_cnt^2),0.047,0.032,1.4865415836,0.1371359262,NCT01335477,4
(Intercept),-1.568,0.273,-5.7521657947,8.810732708905686e-9,NCT02172586,1
age_std,-0.361,0.236,-1.5278983588,0.1265377758,NCT02172586,1
sex,-0.829,0.318,-2.6116113759,0.0090116629,NCT02172586,1
como_cnt,0.515,0.294,1.7541950016,0.0793970994,NCT02172586,1
(Intercept),-1.591,0.282,-5.6496397084,1.6078446757969014e-8,NCT02172586,2
age_std,-0.371,0.238,-1.5583702323,0.1191455089,NCT02172586,2
sex,-0.82,0.319,-2.5693815707,0.0101880209,NCT02172586,2
como_cnt,0.71,0.647,1.098152503,0.2721379024,NCT02172586,2
I(como_cnt^2),-0.125,0.373,-0.3339772614,0.7383967173,NCT02172586,2
(Intercept),-1.425,0.257,-5.5437694209,2.9602860848458612e-8,NCT02172586,5
age_std,-0.361,0.235,-1.5364098807,0.1244378849,NCT02172586,5
sex,-0.863,0.315,-2.739590723,0.0061515735,NCT02172586,5
(Intercept),-1.564,0.27,-5.7995863107,6.647871518284896e-9,NCT02172586,3
age_std,-0.085,0.392,-0.2171849599,0.8280642052,NCT02172586,3
I(age_std^2),0.202,0.235,0.8559764802,0.3920107891,NCT02172586,3
sex,-0.834,0.318,-2.6188063075,0.0088238033,NCT02172586,3
como_cnt,0.51,0.295,1.7294743061,0.0837242412,NCT02172586,3
(Intercept),-1.588,0.278,-5.7022244868,1.1825394950159015e-8,NCT02172586,4
age_std,-0.091,0.393,-0.2320018481,0.8165365784,NCT02172586,4
I(age_std^2),0.204,0.236,0.8654231344,0.3868065879,NCT02172586,4
sex,-0.823,0.32,-2.5727837975,0.0100884207,NCT02172586,4
como_cnt,0.717,0.644,1.1126243088,0.2658698158,NCT02172586,4
I(como_cnt^2),-0.132,0.37,-0.3561497755,0.7217284023,NCT02172586,4
(Intercept),-3.059,0.364,-8.4112163903,4.0578032011154596e-17,NCT02175355,1
age_std,0.557,0.337,1.6532632114,0.0982773067,NCT02175355,1
sex,0.182,0.427,0.426915483,0.6694408878,NCT02175355,1
como_cnt,0.007,0.262,0.0262800726,0.9790339492,NCT02175355,1
(Intercept),-3.279,0.4,-8.2035611325,2.333689033884285e-16,NCT02175355,2
age_std,0.531,0.341,1.5564766939,0.1195947805,NCT02175355,2
sex,0.221,0.429,0.515096139,0.6064858406,NCT02175355,2
como_cnt,1.555,0.838,1.8564140265,0.063394567,NCT02175355,2
I(como_cnt^2),-0.835,0.477,-1.7481937853,0.0804304774,NCT02175355,2
(Intercept),-3.055,0.326,-9.3589020351,8.056956568028723e-21,NCT02175355,5
age_std,0.558,0.334,1.6713242654,0.094657646,NCT02175355,5
sex,0.181,0.425,0.4261778981,0.6699782212,NCT02175355,5
(Intercept),-3.233,0.411,-7.8648702885,3.694800946725258e-15,NCT02175355,3
age_std,0.443,0.315,1.4056464073,0.1598291484,NCT02175355,3
I(age_std^2),0.348,0.34,1.0227466358,0.3064276552,NCT02175355,3
sex,0.17,0.429,0.3959741552,0.6921240944,NCT02175355,3
como_cnt,0.023,0.265,0.086147475,0.9313491843,NCT02175355,3
(Intercept),-3.478,0.45,-7.7210562121,1.1536965618375244e-14,NCT02175355,4
age_std,0.399,0.318,1.2557768053,0.2091969034,NCT02175355,4
I(age_std^2),0.381,0.342,1.1118106881,0.2662195554,NCT02175355,4
sex,0.215,0.432,0.4968853719,0.6192698876,NCT02175355,4
como_cnt,1.618,0.848,1.9084646568,0.056331187,NCT02175355,4
I(como_cnt^2),-0.857,0.481,-1.7807834867,0.0749478281,NCT02175355,4
(Intercept),-2.243,0.37,-6.0676181025,1.2982114869644048e-9,NCT02177396,1
age_std,-0.145,0.276,-0.5248608813,0.5996799051,NCT02177396,1
sex,-0.589,0.372,-1.5822939923,0.1135824716,NCT02177396,1
como_cnt,0.083,0.195,0.4233935228,0.6720081699,NCT02177396,1
(Intercept),-2.26,0.393,-5.7460726282,9.134008601077294e-9,NCT02177396,2
age_std,-0.147,0.277,-0.5317553521,0.5948954495,NCT02177396,2
sex,-0.585,0.374,-1.5666415231,0.1171985064,NCT02177396,2
como_cnt,0.128,0.405,0.3153462926,0.7524987402,NCT02177396,2
I(como_cnt^2),-0.015,0.119,-0.1257968709,0.8998927188,NCT02177396,2
(Intercept),-2.163,0.314,-6.8979839357,5.2745709393752475e-12,NCT02177396,5
age_std,-0.142,0.277,-0.5123291523,0.6084206658,NCT02177396,5
sex,-0.615,0.367,-1.6763753353,0.093664697,NCT02177396,5
(Intercept),-2.259,0.37,-6.1134650574,9.749072551265873e-10,NCT02177396,3
age_std,-0.019,0.394,-0.0475597781,0.9620670882,NCT02177396,3
I(age_std^2),0.121,0.277,0.4376575548,0.6616345426,NCT02177396,3
sex,-0.598,0.373,-1.6025491061,0.1090342377,NCT02177396,3
como_cnt,0.081,0.195,0.4137799799,0.6790352471,NCT02177396,3
(Intercept),-2.276,0.394,-5.7791036714,7.50996418898562e-9,NCT02177396,4
age_std,-0.021,0.394,-0.0541438508,0.9568205556,NCT02177396,4
I(age_std^2),0.121,0.276,0.4367327052,0.6623052078,NCT02177396,4
sex,-0.594,0.375,-1.5856169962,0.1128262184,NCT02177396,4
como_cnt,0.125,0.403,0.3091712565,0.7571912575,NCT02177396,4
I(como_cnt^2),-0.014,0.118,-0.1230399865,0.9020754339,NCT02177396,4
(Intercept),-1.13,0.293,-3.8550870988,1.1568843374569803e-4,NCT02177461,1
age_std,0.479,0.342,1.4002849691,0.1614280001,NCT02177461,1
sex,-0.276,0.231,-1.1933779602,0.2327213826,NCT02177461,1
como_cnt,0.013,0.222,0.0598277775,0.9522928019,NCT02177461,1
(Intercept),-1.218,0.299,-4.0721772569,4.6575712078798616e-5,NCT02177461,2
age_std,0.534,0.347,1.5399061557,0.1235832301,NCT02177461,2
sex,-0.285,0.233,-1.2214742288,0.2219065174,NCT02177461,2
como_cnt,1.619,0.749,2.1620973337,0.0306106745,NCT02177461,2
I(como_cnt^2),-1.18,0.584,-2.0194617261,0.0434392515,NCT02177461,2
(Intercept),-1.128,0.29,-3.8923167767,9.929148163823528e-5,NCT02177461,5
age_std,0.481,0.342,1.40613405,0.1596843231,NCT02177461,5
sex,-0.276,0.231,-1.195209501,0.2320051874,NCT02177461,5
(Intercept),-0.75,0.355,-2.1110074158,0.0347716745,NCT02177461,3
age_std,-0.912,0.779,-1.1712891387,0.2414825757,NCT02177461,3
I(age_std^2),1.006,0.488,2.0620079665,0.0392069775,NCT02177461,3
sex,-0.325,0.234,-1.384965178,0.1660631153,NCT02177461,3
como_cnt,0.005,0.223,0.0216848698,0.9826993331,NCT02177461,3
(Intercept),-0.836,0.358,-2.3352286928,0.019531477,NCT02177461,4
age_std,-0.89,0.777,-1.1465824959,0.2515542142,NCT02177461,4
I(age_std^2),1.04,0.488,2.1290918788,0.0332466596,NCT02177461,4
sex,-0.336,0.236,-1.422036718,0.1550155919,NCT02177461,4
como_cnt,1.681,0.754,2.2286546481,0.025836892,NCT02177461,4
I(como_cnt^2),-1.231,0.588,-2.0955299836,0.036123906,NCT02177461,4
(Intercept),-1.932,0.161,-11.9718491318,4.9903870805891046e-33,NCT02183064,1
age_std,0.047,0.115,0.4114460294,0.6807455082,NCT02183064,1
sex,-0.013,0.188,-0.0697778231,0.9443704987,NCT02183064,1
como_cnt,-0.093,0.069,-1.3424041031,0.1794650051,NCT02183064,1
(Intercept),-1.668,0.177,-9.4269998634,4.219860839032214e-21,NCT02183064,2
age_std,0.06,0.115,0.526434563,0.5985863065,NCT02183064,2
sex,-0.03,0.189,-0.1567103767,0.8754731087,NCT02183064,2
como_cnt,-0.504,0.152,-3.3220378753,8.936256274117842e-4,NCT02183064,2
I(como_cnt^2),0.091,0.029,3.1167260701,0.0018287141,NCT02183064,2
(Intercept),-2.094,0.112,-18.7651781674,1.4550891739163758e-78,NCT02183064,5
age_std,0.024,0.114,0.2129501244,0.8313658653,NCT02183064,5
sex,0.008,0.187,0.0449109292,0.9641783054,NCT02183064,5
(Intercept),-2.244,0.183,-12.2421929671,1.849664874736408e-34,NCT02183064,3
age_std,-0.009,0.102,-0.0912471939,0.927296176,NCT02183064,3
I(age_std^2),0.389,0.093,4.1734759832,2.9998729715840697e-5,NCT02183064,3
sex,-0.029,0.19,-0.1505138358,0.8803592357,NCT02183064,3
como_cnt,-0.071,0.07,-1.0256927321,0.3050364412,NCT02183064,3
(Intercept),-1.98,0.2,-9.9202912609,3.3976324922708694e-23,NCT02183064,4
age_std,0.006,0.103,0.0567899565,0.9547125146,NCT02183064,4
I(age_std^2),0.374,0.094,3.992499244,6.538054150166388e-5,NCT02183064,4
sex,-0.043,0.191,-0.2269988764,0.8204246159,NCT02183064,4
como_cnt,-0.458,0.154,-2.9674477434,0.0030028332,NCT02183064,4
I(como_cnt^2),0.085,0.03,2.861330215,0.004218674,NCT02183064,4
(Intercept),-2.473,0.47,-5.2627360951,1.419272317027119e-7,NCT02242318,1
age_std,0.497,0.383,1.2990939771,0.1939116798,NCT02242318,1
sex,-0.004,0.517,-0.0073452604,0.9941393828,NCT02242318,1
como_cnt,0.245,0.264,0.9290237169,0.3528767954,NCT02242318,1
(Intercept),-2.486,0.5,-4.9678221177,6.770902801602591e-7,NCT02242318,2
age_std,0.497,0.382,1.3008700363,0.193302944,NCT02242318,2
sex,0,0.52,4.734716501625751e-4,0.9996222243,NCT02242318,2
como_cnt,0.301,0.784,0.3834098604,0.7014158934,NCT02242318,2
I(como_cnt^2),-0.021,0.284,-0.074929185,0.9402710556,NCT02242318,2
(Intercept),-2.277,0.406,-5.6040221801,2.094338898315366e-8,NCT02242318,5
age_std,0.548,0.377,1.4529334479,0.1462422331,NCT02242318,5
sex,-0.021,0.516,-0.0397700587,0.968276447,NCT02242318,5
(Intercept),-2.556,0.507,-5.03678886,4.7340647825656023e-7,NCT02242318,3
age_std,0.592,0.425,1.3939648868,0.1633282082,NCT02242318,3
I(age_std^2),0.173,0.392,0.4412883617,0.6590042506,NCT02242318,3
sex,0.013,0.519,0.02482048,0.9801981554,NCT02242318,3
como_cnt,0.248,0.265,0.9385440071,0.3479649125,NCT02242318,3
(Intercept),-2.565,0.533,-4.8084663831,1.520925986910114e-6,NCT02242318,4
age_std,0.592,0.425,1.3931975412,0.1635600631,NCT02242318,4
I(age_std^2),0.172,0.393,0.4384946932,0.6610277163,NCT02242318,4
sex,0.016,0.522,0.0305834586,0.9756017341,NCT02242318,4
como_cnt,0.291,0.784,0.3706164031,0.710923263,NCT02242318,4
I(como_cnt^2),-0.016,0.285,-0.0571060927,0.9544606831,NCT02242318,4
(Intercept),-0.652,0.238,-2.7441236135,0.0060672686,NCT00051558,1
age_std,0.181,0.11,1.6481656955,0.0993186742,NCT00051558,1
sex,0.117,0.249,0.4686944403,0.6392880615,NCT00051558,1
como_cnt,0.155,0.077,2.0028822573,0.0451899279,NCT00051558,1
(Intercept),-0.54,0.459,-1.1772150329,0.23910969,NCT00051558,2
age_std,0.181,0.11,1.6503831886,0.0988645873,NCT00051558,2
sex,0.112,0.249,0.4484843041,0.6538037115,NCT00051558,2
como_cnt,0.069,0.311,0.2215094062,0.8246958134,NCT00051558,2
I(como_cnt^2),0.014,0.048,0.2852427052,0.7754582047,NCT00051558,2
(Intercept),-0.234,0.112,-2.0901690027,0.0366026209,NCT00051558,5
age_std,0.213,0.108,1.9626001199,0.0496926568,NCT00051558,5
sex,0.184,0.245,0.7484568039,0.4541846707,NCT00051558,5
(Intercept),-0.664,0.245,-2.7081767742,0.0067653976,NCT00051558,3
age_std,0.196,0.132,1.4788887815,0.1391700422,NCT00051558,3
I(age_std^2),0.019,0.094,0.2026010719,0.8394468521,NCT00051558,3
sex,0.116,0.249,0.4657463602,0.641397064,NCT00051558,3
como_cnt,0.155,0.077,1.9987566944,0.0456346855,NCT00051558,3
(Intercept),-0.55,0.461,-1.1930192431,0.2328618368,NCT00051558,4
age_std,0.197,0.133,1.4847119397,0.1376201475,NCT00051558,4
I(age_std^2),0.02,0.094,0.2101096176,0.8335821193,NCT00051558,4
sex,0.111,0.25,0.4450545841,0.6562803084,NCT00051558,4
como_cnt,0.067,0.311,0.215258725,0.8295656079,NCT00051558,4
I(como_cnt^2),0.014,0.048,0.2905918568,0.7713634888,NCT00051558,4
(Intercept),-2.399,0.463,-5.1755024703,2.2729842314869033e-7,NCT00125918,1
age_std,0.242,0.256,0.9450812202,0.3446174122,NCT00125918,1
sex,0.555,0.531,1.0442101324,0.2963881801,NCT00125918,1
como_cnt,0.197,0.136,1.4478200552,0.1476673824,NCT00125918,1
(Intercept),-2.633,0.599,-4.3926159629,1.1199485825152212e-5,NCT00125918,2
age_std,0.21,0.259,0.8104259608,0.4176954022,NCT00125918,2
sex,0.57,0.532,1.072877341,0.2833261538,NCT00125918,2
como_cnt,0.442,0.403,1.0968760548,0.2726955775,NCT00125918,2
I(como_cnt^2),-0.042,0.065,-0.6390781306,0.5227721061,NCT00125918,2
(Intercept),-1.925,0.297,-6.4814645576,9.083650827685419e-11,NCT00125918,5
age_std,0.299,0.245,1.2231823398,0.2212608343,NCT00125918,5
sex,0.455,0.522,0.8705858608,0.3839803194,NCT00125918,5
(Intercept),-1.92,0.521,-3.6896224997,2.245870650412761e-4,NCT00125918,3
age_std,-0.01,0.335,-0.0304237304,0.9757291195,NCT00125918,3
I(age_std^2),-0.507,0.334,-1.5187641136,0.1288218819,NCT00125918,3
sex,0.549,0.529,1.0363056534,0.3000595695,NCT00125918,3
como_cnt,0.151,0.136,1.1054829123,0.2689503946,NCT00125918,3
(Intercept),-2.168,0.634,-3.4211852081,6.234885700501731e-4,NCT00125918,4
age_std,-0.046,0.337,-0.1366187969,0.8913321181,NCT00125918,4
I(age_std^2),-0.525,0.338,-1.5511931131,0.1208554121,NCT00125918,4
sex,0.565,0.53,1.0664321844,0.2862283193,NCT00125918,4
como_cnt,0.434,0.413,1.0522534045,0.2926833034,NCT00125918,4
I(como_cnt^2),-0.049,0.069,-0.7176691166,0.47296133,NCT00125918,4
(Intercept),-7.13,2.676,-2.6641762479,0.0077177115,NCT00384930,1
age_std,0.832,2.081,0.3998482163,0.689268315,NCT00384930,1
como_cnt,0.766,0.773,0.9910842076,0.3216444637,NCT00384930,1
(Intercept),-169.447,50057.237,-0.0033850733,0.9972991074,NCT00384930,2
age_std,0.686,2.083,0.3294288461,0.7418315674,NCT00384930,2
como_cnt,109.585,33291.326,0.0032916968,0.9973736107,NCT00384930,2
I(como_cnt^2),-18.115,5695.637,-0.0031804445,0.9974623767,NCT00384930,2
(Intercept),-5.42,1.345,-4.0297470445,5.583690647461595e-5,NCT00384930,5
age_std,1.056,1.926,0.5478947199,0.58376419450000006,NCT00384930,5
(Intercept),-721.143,32780.097,-0.0219994118,0.9824484247,NCT00384930,3
age_std,3079.065,140529.336,0.0219104753,0.9825193687,NCT00384930,3
I(age_std^2),-3301.994,151388.017,-0.0218114628,0.9825983504,NCT00384930,3
como_cnt,0.509,1.221,0.4172012557,0.6765312068,NCT00384930,3
(Intercept),-737.177,63622.511,-0.0115867249,0.9907553379,NCT00384930,4
age_std,2772.596,132791.437,0.0208793288,0.9833419162,NCT00384930,4
I(age_std^2),-2971.386,142385.065,-0.0208686615,0.9833504256,NCT00384930,4
como_cnt,65.679,39499.038,0.0016627908,0.9986732855,NCT00384930,4
I(como_cnt^2),-12.002,6960.341,-0.0017244055,0.9986241242,NCT00384930,4
(Intercept),-0.689,0.193,-3.5778179935,3.464745705531905e-4,NCT00734474,1
age_std,0.105,0.149,0.7031042431,0.4819907881,NCT00734474,1
sex,0.289,0.187,1.5413985844,0.1232198084,NCT00734474,1
como_cnt,0.147,0.081,1.8143434086,0.0696248725,NCT00734474,1
(Intercept),-0.833,0.219,-3.8046732903,1.419914782528142e-4,NCT00734474,2
age_std,0.099,0.15,0.6617336342,0.5081419452,NCT00734474,2
sex,0.3,0.188,1.5959550857,0.1104988215,NCT00734474,2
como_cnt,0.395,0.192,2.0563173518,0.0397519368,NCT00734474,2
I(como_cnt^2),-0.062,0.044,-1.4208856345,0.1553500099,NCT00734474,2
(Intercept),-0.461,0.144,-3.1972114132,0.0013876318,NCT00734474,5
age_std,0.161,0.146,1.0998955388,0.2713776387,NCT00734474,5
sex,0.275,0.187,1.4748957973,0.1402405604,NCT00734474,5
(Intercept),-0.702,0.195,-3.6006827731,3.173826261567403e-4,NCT00734474,3
age_std,0.18,0.23,0.7835604373,0.4332980778,NCT00734474,3
I(age_std^2),0.068,0.158,0.4306446586,0.666726764,NCT00734474,3
sex,0.295,0.188,1.570624199,0.1162699656,NCT00734474,3
como_cnt,0.148,0.081,1.8216721842,0.068504741,NCT00734474,3
(Intercept),-0.845,0.221,-3.823614002,1.3150974334792909e-4,NCT00734474,4
age_std,0.172,0.231,0.7431122237,0.4574137396,NCT00734474,4
I(age_std^2),0.066,0.159,0.4130157333,0.6795950866,NCT00734474,4
sex,0.306,0.189,1.6237164676,0.1044363348,NCT00734474,4
como_cnt,0.395,0.192,2.0547330063,0.0399048001,NCT00734474,4
I(como_cnt^2),-0.062,0.044,-1.4156877156,0.1568669566,NCT00734474,4
(Intercept),-3.102,0.37,-8.3907475512,4.830606207081013e-17,NCT00827242,1
age_std,0.606,0.46,1.3162836717,0.1880788492,NCT00827242,1
como_cnt,-0.846,0.712,-1.1888228167,0.2345093974,NCT00827242,1
(Intercept),-3.115,0.373,-8.3523485513,6.691884102699819e-17,NCT00827242,2
age_std,0.607,0.463,1.3110594636,0.1898376746,NCT00827242,2
como_cnt,5.999,573.056,0.0104691849,0.9916469516,NCT00827242,2
I(como_cnt^2),-6.676,573.055,-0.0116493522,0.9907053719,NCT00827242,2
(Intercept),-3.303,0.353,-9.3585936298,8.080505376929892e-21,NCT00827242,5
age_std,0.624,0.458,1.3623507528,0.1730872177,NCT00827242,5
(Intercept),-2.996,0.405,-7.4025420643,1.3360185232664229e-13,NCT00827242,3
age_std,1.464,0.996,1.4705867976,0.1414028965,NCT00827242,3
I(age_std^2),-0.975,0.899,-1.0844944271,0.2781456366,NCT00827242,3
como_cnt,-0.875,0.726,-1.2058824548,0.2278628166,NCT00827242,3
(Intercept),-3.008,0.407,-7.3895746652,1.4729923495295795e-13,NCT00827242,4
age_std,1.445,0.995,1.4531499592,0.1461821225,NCT00827242,4
I(age_std^2),-0.955,0.9,-1.0609598884,0.2887081306,NCT00827242,4
como_cnt,5.78,558.435,0.0103499715,0.991742065,NCT00827242,4
I(como_cnt^2),-6.52,558.434,-0.0116748889,0.990684998,NCT00827242,4
(Intercept),-2.798,0.423,-6.6140425674,3.739641289320872e-11,NCT00848081,1
age_std,-0.001,0.303,-0.002759828,0.9977979786,NCT00848081,1
como_cnt,0.259,0.136,1.9040822921,0.0568994676,NCT00848081,1
(Intercept),-2.607,0.629,-4.1464221816,3.377108840792751e-5,NCT00848081,2
age_std,0.004,0.304,0.0138446688,0.9889539054,NCT00848081,2
como_cnt,0.094,0.436,0.2145146144,0.8301457715,NCT00848081,2
I(como_cnt^2),0.027,0.069,0.3976528814,0.6908860744,NCT00848081,2
(Intercept),-2.171,0.231,-9.3998211864,5.4655877319465585e-21,NCT00848081,5
age_std,0.071,0.299,0.2364273237,0.8131010959,NCT00848081,5
(Intercept),-2.883,0.433,-6.6518800988,2.8937240630446178e-11,NCT00848081,3
age_std,-0.359,0.459,-0.7824963386,0.4339229363,NCT00848081,3
I(age_std^2),0.393,0.396,0.9916574591,0.3213646497,NCT00848081,3
como_cnt,0.261,0.137,1.9047580445,0.05681153,NCT00848081,3
(Intercept),-2.677,0.632,-4.2345557677,2.2900395123902826e-5,NCT00848081,4
age_std,-0.358,0.458,-0.7813860545,0.4345754707,NCT00848081,4
I(age_std^2),0.398,0.395,1.0062311443,0.3143043938,NCT00848081,4
como_cnt,0.082,0.436,0.1878142697,0.8510222492,NCT00848081,4
I(como_cnt^2),0.03,0.069,0.4315726042,0.6660520733,NCT00848081,4
(Intercept),-2.692,0.281,-9.5779201404,9.901879293138485e-22,NCT00855582,1
age_std,0.428,0.34,1.2583636573,0.208260269,NCT00855582,1
como_cnt,0.165,0.16,1.0315018874,0.3023055236,NCT00855582,1
(Intercept),-2.748,0.321,-8.5653082759,1.0778707466480194e-17,NCT00855582,2
age_std,0.406,0.345,1.1751946728,0.239916841,NCT00855582,2
como_cnt,0.303,0.39,0.7769921323,0.4371634122,NCT00855582,2
I(como_cnt^2),-0.038,0.101,-0.3813349205,0.7029547449,NCT00855582,2
(Intercept),-2.512,0.207,-12.1052813635,9.902923715659563e-34,NCT00855582,5
age_std,0.494,0.332,1.4882686305,0.1366800643,NCT00855582,5
(Intercept),-2.548,0.303,-8.3961665883,4.612910647663836e-17,NCT00855582,3
age_std,0.821,0.519,1.5820521204,0.1136376726,NCT00855582,3
I(age_std^2),-0.666,0.579,-1.1488146852,0.2506324026,NCT00855582,3
como_cnt,0.149,0.16,0.9281519795,0.3533287398,NCT00855582,3
(Intercept),-2.603,0.339,-7.6773455885,1.624188378945281e-14,NCT00855582,4
age_std,0.802,0.523,1.5330943752,0.1252526034,NCT00855582,4
I(age_std^2),-0.667,0.581,-1.1490110592,0.2505514205,NCT00855582,4
como_cnt,0.284,0.384,0.7393797212,0.4596764526,NCT00855582,4
I(como_cnt^2),-0.038,0.1,-0.3814182931,0.7028928892,NCT00855582,4
(Intercept),-2.769,0.306,-9.0352897475,1.6356852398417378e-19,NCT00861757,1
age_std,-0.278,0.394,-0.7059998243,0.4801882467,NCT00861757,1
como_cnt,0.374,0.167,2.2387514948,0.0251720899,NCT00861757,1
(Intercept),-2.787,0.376,-7.4128666779,1.2359812530714702e-13,NCT00861757,2
age_std,-0.281,0.395,-0.7108755509,0.4771613578,NCT00861757,2
como_cnt,0.408,0.438,0.9321798315,0.3512435967,NCT00861757,2
I(como_cnt^2),-0.008,0.1,-0.0844440508,0.9327033849,NCT00861757,2
(Intercept),-2.329,0.206,-11.3165094735,1.0871488933743343e-29,NCT00861757,5
age_std,-0.009,0.37,-0.0233953304,0.9813349298,NCT00861757,5
(Intercept),-2.736,0.332,-8.2405413542,1.7143319800106901e-16,NCT00861757,3
age_std,-0.218,0.467,-0.4667777396,0.6406589037,NCT00861757,3
I(age_std^2),-0.148,0.594,-0.2494410519,0.8030196336,NCT00861757,3
como_cnt,0.376,0.168,2.2445621686,0.0247962537,NCT00861757,3
(Intercept),-2.747,0.409,-6.7174148169,1.8497683286748325e-11,NCT00861757,4
age_std,-0.221,0.473,-0.4685753085,0.6393732298,NCT00861757,4
I(age_std^2),-0.144,0.601,-0.2395680628,0.810665126,NCT00861757,4
como_cnt,0.395,0.441,0.8968776238,0.3697842214,NCT00861757,4
I(como_cnt^2),-0.005,0.101,-0.0464408411,0.9629588852,NCT00861757,4
(Intercept),-2.876,0.348,-8.2591409939,1.4672453321143292e-16,NCT00970632,1
age_std,0.5,0.425,1.176898265,0.2392361147,NCT00970632,1
como_cnt,0.016,0.227,0.0684955066,0.9453911969,NCT00970632,1
(Intercept),-2.875,0.383,-7.503808445,6.198987333308329e-14,NCT00970632,2
age_std,0.5,0.427,1.1709910925,0.2416023576,NCT00970632,2
como_cnt,0.011,0.589,0.0193806644,0.9845374351,NCT00970632,2
I(como_cnt^2),0.001,0.183,0.0076541697,0.9938929158,NCT00970632,2
(Intercept),-2.862,0.272,-10.5082702722,7.913156943508362e-26,NCT00970632,5
age_std,0.506,0.415,1.2207969956,0.2221628916,NCT00970632,5
(Intercept),-2.916,0.368,-7.9304731448,2.1831251767119103e-15,NCT00970632,3
age_std,0.383,0.534,0.717283855,0.4731989671,NCT00970632,3
I(age_std^2),0.176,0.517,0.3412546163,0.7329119104,NCT00970632,3
como_cnt,0.017,0.228,0.0739882876,0.9410197049,NCT00970632,3
(Intercept),-2.913,0.4,-7.291056407,3.075339658161819e-13,NCT00970632,4
age_std,0.383,0.535,0.7166979586,0.4735604858,NCT00970632,4
I(age_std^2),0.177,0.517,0.3415738613,0.732671611,NCT00970632,4
como_cnt,0.008,0.589,0.0138212986,0.9889725504,NCT00970632,4
I(como_cnt^2),0.003,0.184,0.0160247276,0.9872146644,NCT00970632,4
(Intercept),-1.422,0.403,-3.5302457423,4.151738497504728e-4,NCT01064687,1
age_std,0.207,0.247,0.8414962799,0.4000699682,NCT01064687,1
sex,0.629,0.344,1.828629475,0.0674551341,NCT01064687,1
como_cnt,-0.276,0.141,-1.9483624194,0.0513716132,NCT01064687,1
(Intercept),-1.202,0.459,-2.6219124841,0.0087437881,NCT01064687,2
age_std,0.215,0.248,0.8679740698,0.385408528,NCT01064687,2
sex,0.642,0.346,1.858788412,0.0630571356,NCT01064687,2
como_cnt,-0.612,0.378,-1.6208735753,0.1050447551,NCT01064687,2
I(como_cnt^2),0.081,0.083,0.9739351932,0.3300887182,NCT01064687,2
(Intercept),-1.996,0.294,-6.7800393215,1.2014317867471278e-11,NCT01064687,5
age_std,0.113,0.24,0.4702877983,0.6381494138,NCT01064687,5
sex,0.705,0.34,2.0716314688,0.0382998229,NCT01064687,5
(Intercept),-1.532,0.416,-3.6862000301,2.2762746092011847e-4,NCT01064687,3
age_std,0.405,0.286,1.4168899834,0.1565150955,NCT01064687,3
I(age_std^2),0.314,0.253,1.2368154555,0.2161556029,NCT01064687,3
sex,0.625,0.346,1.8090575716,0.0704420597,NCT01064687,3
como_cnt,-0.275,0.142,-1.9339648991,0.0531174437,NCT01064687,3
(Intercept),-1.309,0.469,-2.7937237089,0.0052104975,NCT01064687,4
age_std,0.419,0.288,1.453176334,0.1461748012,NCT01064687,4
I(age_std^2),0.319,0.254,1.2538472651,0.2098975258,NCT01064687,4
sex,0.64,0.347,1.8422039235,0.0654453268,NCT01064687,4
como_cnt,-0.62,0.378,-1.6372980956,0.1015681987,NCT01064687,4
I(como_cnt^2),0.083,0.083,0.9963618776,0.3190743488,NCT01064687,4
(Intercept),-1.911,0.29,-6.5873469371,4.477551863900937e-11,NCT01075282,1
age_std,-0.091,0.221,-0.4095183836,0.6821592786,NCT01075282,1
sex,-0.229,0.278,-0.8228338421,0.4106024888,NCT01075282,1
como_cnt,-0.076,0.135,-0.561324585,0.5745762847,NCT01075282,1
(Intercept),-1.975,0.332,-5.950469933,2.673736881724023e-9,NCT01075282,2
age_std,-0.1,0.223,-0.4502892985,0.6525018544,NCT01075282,2
sex,-0.236,0.278,-0.8473697969,0.3967890338,NCT01075282,2
como_cnt,0.048,0.332,0.1450443193,0.88467588,NCT01075282,2
I(como_cnt^2),-0.035,0.085,-0.4050429669,0.685445928,NCT01075282,2
(Intercept),-2.031,0.201,-10.1113223241,4.921546660583344e-24,NCT01075282,5
age_std,-0.123,0.214,-0.5757013167,0.5648170852,NCT01075282,5
sex,-0.204,0.275,-0.7418914151,0.4581531277,NCT01075282,5
(Intercept),-2.104,0.309,-6.8007851642,1.0405049019884699e-11,NCT01075282,3
age_std,0.21,0.245,0.8578039521,0.3910007271,NCT01075282,3
I(age_std^2),0.437,0.207,2.1132688784,0.0345777609,NCT01075282,3
sex,-0.205,0.279,-0.7337613013,0.4630942299,NCT01075282,3
como_cnt,-0.053,0.137,-0.3892431264,0.6970963037,NCT01075282,3
(Intercept),-2.201,0.358,-6.1547270917,7.520688836076622e-10,NCT01075282,4
age_std,0.202,0.245,0.825119391,0.4093038118,NCT01075282,4
I(age_std^2),0.449,0.208,2.1546403691,0.0311899874,NCT01075282,4
sex,-0.214,0.279,-0.7663987652,0.4434390673,NCT01075282,4
como_cnt,0.124,0.342,0.3612577204,0.7179067967,NCT01075282,4
I(como_cnt^2),-0.049,0.089,-0.5551023384,0.5788246634,NCT01075282,4
(Intercept),-1.833,0.232,-7.8963795417,2.871214819832398e-15,NCT01126580,1
age_std,-0.173,0.166,-1.0429474536,0.29697263,NCT01126580,1
sex,0.017,0.225,0.0735266239,0.9413870586,NCT01126580,1
como_cnt,0.226,0.088,2.5642892045,0.0103387358,NCT01126580,1
(Intercept),-1.833,0.27,-6.7931282864,1.0972772295171281e-11,NCT01126580,2
age_std,-0.173,0.167,-1.035860066,0.3002674302,NCT01126580,2
sex,0.017,0.225,0.0735270456,0.941386723,NCT01126580,2
como_cnt,0.226,0.216,1.0425819659,0.2971419452,NCT01126580,2
I(como_cnt^2),0,0.043,8.553969684540473e-4,0.999317492,NCT01126580,2
(Intercept),-1.42,0.157,-9.0367578403,1.6138738170553606e-19,NCT01126580,5
age_std,-0.066,0.16,-0.4134973638,0.6792422534,NCT01126580,5
sex,-0.069,0.221,-0.312572743,0.7546052891,NCT01126580,5
(Intercept),-1.987,0.244,-8.1268565706,4.405661686106557e-16,NCT01126580,3
age_std,0.136,0.196,0.6908997786,0.4896285253,NCT01126580,3
I(age_std^2),0.401,0.159,2.5258990048,0.0115402652,NCT01126580,3
sex,0.062,0.228,0.27204696,0.7855859116,NCT01126580,3
como_cnt,0.217,0.089,2.4344636708,0.0149138769,NCT01126580,3
(Intercept),-1.966,0.279,-7.0552958219,1.7223391193035652e-12,NCT01126580,4
age_std,0.14,0.199,0.7052751751,0.4806390063,NCT01126580,4
I(age_std^2),0.403,0.159,2.5305750392,0.0113875724,NCT01126580,4
sex,0.062,0.228,0.27321847,0.7846852829,NCT01126580,4
como_cnt,0.187,0.218,0.856856152,0.3915243883,NCT01126580,4
I(como_cnt^2),0.007,0.044,0.1508697169,0.8800784894,NCT01126580,4
(Intercept),-1.56,0.229,-6.8148509019,9.436157888253545e-12,NCT01191268,1
age_std,-0.277,0.169,-1.6342915556,0.1021976459,NCT01191268,1
sex,-0.07,0.209,-0.3348583381,0.7377319508,NCT01191268,1
como_cnt,0.077,0.081,0.9511821646,0.3415119107,NCT01191268,1
(Intercept),-1.355,0.281,-4.8225958093,1.417019275639349e-6,NCT01191268,2
age_std,-0.251,0.171,-1.466779766,0.1424359757,NCT01191268,2
sex,-0.08,0.21,-0.379814356,0.704083225,NCT01191268,2
como_cnt,-0.145,0.201,-0.7221757925,0.4701864045,NCT01191268,2
I(como_cnt^2),0.041,0.034,1.2049361733,0.2282279428,NCT01191268,2
(Intercept),-1.402,0.154,-9.0849729448,1.0372447619249265e-19,NCT01191268,5
age_std,-0.248,0.167,-1.4901279878,0.1361905864,NCT01191268,5
sex,-0.092,0.208,-0.4436120839,0.6573230677,NCT01191268,5
(Intercept),-1.601,0.238,-6.7415455591,1.567105796963642e-11,NCT01191268,3
age_std,-0.223,0.183,-1.2177908104,0.2233034774,NCT01191268,3
I(age_std^2),0.133,0.192,0.6927439117,0.4884702765,NCT01191268,3
sex,-0.083,0.21,-0.3949428575,0.6928850599,NCT01191268,3
como_cnt,0.077,0.081,0.9529079908,0.340636691,NCT01191268,3
(Intercept),-1.392,0.285,-4.8799513691,1.0611200268760626e-6,NCT01191268,4
age_std,-0.189,0.185,-1.0202128602,0.3076275198,NCT01191268,4
I(age_std^2),0.151,0.192,0.7863235409,0.4316779644,NCT01191268,4
sex,-0.094,0.211,-0.4472867751,0.6546680144,NCT01191268,4
como_cnt,-0.156,0.201,-0.7726921829,0.439704574,NCT01191268,4
I(como_cnt^2),0.043,0.034,1.2605788337,0.2074606286,NCT01191268,4
(Intercept),-2.759,0.341,-8.0964060158,5.660667323591872e-16,NCT01624259,1
age_std,-0.204,0.255,-0.8008406421,0.4232239071,NCT01624259,1
sex,0.094,0.328,0.287398218,0.7738074255,NCT01624259,1
como_cnt,0.012,0.144,0.0824021993,0.9343268872,NCT01624259,1
(Intercept),-2.691,0.379,-7.1007299191,1.2409968943526864e-12,NCT01624259,2
age_std,-0.196,0.256,-0.7664428295,0.4434128569,NCT01624259,2
sex,0.097,0.328,0.2957205557,0.7674434977,NCT01624259,2
como_cnt,-0.1,0.318,-0.3136532277,0.7537844281,NCT01624259,2
I(como_cnt^2),0.027,0.068,0.3986939129,0.6901187536,NCT01624259,2
(Intercept),-2.74,0.246,-11.1481735476,7.309124405886303e-29,NCT01624259,5
age_std,-0.2,0.249,-0.8018339595,0.4226490117,NCT01624259,5
sex,0.093,0.328,0.2828989265,0.7772543175,NCT01624259,5
(Intercept),-2.994,0.359,-8.3366318975,7.64365450207875e-17,NCT01624259,3
age_std,0.376,0.299,1.2574112437,0.2086047599,NCT01624259,3
I(age_std^2),0.575,0.206,2.7967198251,0.0051624279,NCT01624259,3
sex,0.172,0.334,0.5148780567,0.6066382355,NCT01624259,3
como_cnt,0.022,0.145,0.1537057772,0.8778417294,NCT01624259,3
(Intercept),-2.934,0.396,-7.4163066482,1.2043148389770777e-13,NCT01624259,4
age_std,0.381,0.299,1.2739020554,0.2026981299,NCT01624259,4
I(age_std^2),0.573,0.205,2.794205684,0.0052027375,NCT01624259,4
sex,0.173,0.334,0.5189371631,0.6038045611,NCT01624259,4
como_cnt,-0.078,0.322,-0.2405226361,0.8099251172,NCT01624259,4
I(como_cnt^2),0.025,0.07,0.3512104937,0.7254304382,NCT01624259,4
(Intercept),-3.311,0.504,-6.563357918,5.260936312823878e-11,NCT01769378,1
age_std,-0.122,0.359,-0.3391575911,0.7344910152,NCT01769378,1
sex,1.301,0.464,2.8043265466,0.0050421809,NCT01769378,1
como_cnt,0.13,0.226,0.5740768786,0.5659157788,NCT01769378,1
(Intercept),-3.073,0.547,-5.6177186279,1.9349526001306915e-8,NCT01769378,2
age_std,-0.052,0.365,-0.1437968008,0.8856609292,NCT01769378,2
sex,1.274,0.466,2.732005998,0.0062949995,NCT01769378,2
como_cnt,-0.314,0.498,-0.6301160647,0.5286186498,NCT01769378,2
I(como_cnt^2),0.121,0.119,1.0138429883,0.310657679,NCT01769378,2
(Intercept),-3.135,0.39,-8.0382428998,9.113583803527738e-16,NCT01769378,5
age_std,-0.035,0.326,-0.1073338364,0.914524142,NCT01769378,5
sex,1.281,0.462,2.771504052,0.0055797978,NCT01769378,5
(Intercept),-3.304,0.515,-6.4103653916,1.4517128104276093e-10,NCT01769378,3
age_std,-0.135,0.416,-0.3254403649,0.7448478099,NCT01769378,3
I(age_std^2),-0.026,0.391,-0.0659920132,0.9473841841,NCT01769378,3
sex,1.302,0.464,2.8048752908,0.0050336051,NCT01769378,3
como_cnt,0.131,0.227,0.5782182747,0.5631167623,NCT01769378,3
(Intercept),-3.047,0.562,-5.4261852847,5.757119657745697e-8,NCT01769378,4
age_std,-0.091,0.419,-0.2161821167,0.8288457928,NCT01769378,4
I(age_std^2),-0.075,0.393,-0.1921300998,0.8476402978,NCT01769378,4
sex,1.276,0.467,2.7340760205,0.00625556,NCT01769378,4
como_cnt,-0.319,0.497,-0.6423901582,0.52061988830000006,NCT01769378,4
I(como_cnt^2),0.124,0.12,1.0328919936,0.301654446,NCT01769378,4
(Intercept),-26.566,47843.172,-5.552739765273097e-4,0.9995569555,NCT01358578,1
age_std,0,24081.628,5.121944994241031e-19,1,NCT01358578,1
sex,0,46108.885,2.6806471173887624e-19,1,NCT01358578,1
como_cnt,-0,62572.529,-9.418743299575546e-20,1,NCT01358578,1
(Intercept),-26.566,47843.562,-5.552694546718711e-4,0.9995569591,NCT01358578,2
age_std,0,24085.472,9.117880820651772e-19,1,NCT01358578,2
sex,0,46181.771,3.395356985268832e-19,1,NCT01358578,2
como_cnt,0,189280.687,3.1325734870366745e-20,1,NCT01358578,2
I(como_cnt^2),-0,121546.479,-6.396075022399654e-20,1,NCT01358578,2
(Intercept),-26.566,47402.62,-5.60434605997297e-4,0.9995528379,NCT01358578,5
age_std,0,24081.537,3.179571026691566e-20,1,NCT01358578,5
sex,0,46105.643,1.8512195574628616e-19,1,NCT01358578,5
(Intercept),-26.566,47860.8,-5.550694655827317e-4,0.9995571187,NCT01358578,3
age_std,0,56591.985,1.0323200307711527e-18,1,NCT01358578,3
I(age_std^2),0,26001.703,6.363282620800816e-19,1,NCT01358578,3
sex,0,46357.715,5.329064133423975e-19,1,NCT01358578,3
como_cnt,-0,62572.637,-2.0349408221079443e-19,1,NCT01358578,3
(Intercept),-26.566,47861.599,-5.550601929853593e-4,0.9995571261,NCT01358578,4
age_std,0,56713.497,1.0762423266287166e-18,1,NCT01358578,4
I(age_std^2),0,26054.956,7.006717245063955e-19,1,NCT01358578,4
sex,0,46414.328,5.746987243990588e-19,1,NCT01358578,4
como_cnt,-0,189633.09,-6.14555719701836e-20,1,NCT01358578,4
I(como_cnt^2),-0,121795.413,-5.272086544447959e-21,1,NCT01358578,4
(Intercept),-26.566,47113.748,-5.63870832033734e-4,0.9995500962,NCT01365455,1
age_std,0,24503.921,6.087310916589592e-19,1,NCT01365455,1
sex,0,46813.398,3.0071818869614005e-19,1,NCT01365455,1
como_cnt,-0,41719.448,-2.269521755273939e-19,1,NCT01365455,1
(Intercept),-26.566,47291.232,-5.617546322665268e-4,0.9995517847,NCT01365455,2
age_std,0,24522.252,5.832769090873181e-19,1,NCT01365455,2
sex,0,46835.237,3.643192700250296e-19,1,NCT01365455,2
como_cnt,-0,122926.206,-3.7510715774341905e-19,1,NCT01365455,2
I(como_cnt^2),0,75825.166,2.9764771607584147e-19,1,NCT01365455,2
(Intercept),-26.566,45777.488,-5.803304131135516e-4,0.9995369633,NCT01365455,5
age_std,0,24499.585,4.986943191158315e-19,1,NCT01365455,5
sex,0,46811.695,3.754062474828337e-19,1,NCT01365455,5
(Intercept),-26.566,47173.903,-5.631518076888478e-4,0.9995506699,NCT01365455,3
age_std,0,53528.907,1.3643430184481618e-19,1,NCT01365455,3
I(age_std^2),0,24612.454,5.881342400286343e-20,1,NCT01365455,3
sex,-0,46885.642,-7.48500419451657e-20,1,NCT01365455,3
como_cnt,-0,41873.972,-2.7586901379627265e-21,1,NCT01365455,3
(Intercept),-26.566,47344.964,-5.611170889546045e-4,0.9995522934,NCT01365455,4
age_std,0,53531.595,2.514982087485965e-19,1,NCT01365455,4
I(age_std^2),-0,24624.43,-1.6686364671035792e-21,1,NCT01365455,4
sex,0,46905.062,3.2262059336542644e-19,1,NCT01365455,4
como_cnt,0,122926.206,3.969469450569053e-21,1,NCT01365455,4
I(como_cnt^2),-0,75862.061,-3.9293116960671073e-20,1,NCT01365455,4
(Intercept),-0.822,0.145,-5.6748546178,1.3880648891746705e-8,NCT00106535,1
age_std,-0.066,0.101,-0.6511996986,0.5149175849,NCT00106535,1
sex,0.163,0.201,0.8138363066,0.4157387329,NCT00106535,1
como_cnt,0.178,0.062,2.8764687661,0.0040215199,NCT00106535,1
(Intercept),-0.809,0.163,-4.9751811591,6.518664766782747e-7,NCT00106535,2
age_std,-0.064,0.102,-0.6252243404,0.5318238289,NCT00106535,2
sex,0.163,0.201,0.8108131219,0.4174729978,NCT00106535,2
como_cnt,0.156,0.14,1.1151968985,0.2647660549,NCT00106535,2
I(como_cnt^2),0.005,0.029,0.1723375421,0.8631721715,NCT00106535,2
(Intercept),-0.52,0.097,-5.3461889719,8.982542750686089e-8,NCT00106535,5
age_std,0.033,0.094,0.353167404,0.7239629432,NCT00106535,5
sex,0.109,0.199,0.5485767475,0.5832959468,NCT00106535,5
(Intercept),-0.857,0.146,-5.8524654995,4.843387393263874e-9,NCT00106535,3
age_std,0.127,0.151,0.8463474288,0.3973589565,NCT00106535,3
I(age_std^2),0.148,0.086,1.7141208905,0.0865065259,NCT00106535,3
sex,0.169,0.201,0.8425989508,0.3994527781,NCT00106535,3
como_cnt,0.175,0.062,2.836742129,0.0045576406,NCT00106535,3
(Intercept),-0.844,0.164,-5.1383722745,2.771284572708248e-7,NCT00106535,4
age_std,0.13,0.151,0.8570802342,0.3914005441,NCT00106535,4
I(age_std^2),0.148,0.086,1.7135040521,0.0866198485,NCT00106535,4
sex,0.169,0.201,0.8395570077,0.4011568131,NCT00106535,4
como_cnt,0.154,0.14,1.1029915169,0.2700308491,NCT00106535,4
I(como_cnt^2),0.005,0.029,0.166105048,0.8680742816,NCT00106535,4
(Intercept),-1.675,0.261,-6.4262150668,1.3082028368938882e-10,NCT00144508,1
age_std,0.366,0.225,1.6229016303,0.104610435,NCT00144508,1
sex,0.29,0.4,0.7257976691,0.4679628161,NCT00144508,1
como_cnt,-0.17,0.228,-0.7445437185,0.4565476027,NCT00144508,1
(Intercept),-1.754,0.281,-6.2496832371,4.1128596355645237e-10,NCT00144508,2
age_std,0.358,0.225,1.5898979903,0.1118578007,NCT00144508,2
sex,0.316,0.402,0.7879090597,0.4307499015,NCT00144508,2
como_cnt,0.296,0.58,0.5099597317,0.6100796734,NCT00144508,2
I(como_cnt^2),-0.237,0.281,-0.8434165185,0.3989955367,NCT00144508,2
(Intercept),-1.797,0.208,-8.6341449674,5.916792566184865e-18,NCT00144508,5
age_std,0.329,0.22,1.4937975455,0.1352285433,NCT00144508,5
sex,0.29,0.399,0.7258786577,0.4679131612,NCT00144508,5
(Intercept),-1.882,0.283,-6.6426518825,3.08088916185461e-11,NCT00144508,3
age_std,0.786,0.272,2.8886563987,0.0038689158,NCT00144508,3
I(age_std^2),0.402,0.167,2.4052412461,0.0161617927,NCT00144508,3
sex,0.364,0.409,0.8886978621,0.3741654804,NCT00144508,3
como_cnt,-0.168,0.234,-0.7191682922,0.4720372334,NCT00144508,3
(Intercept),-1.973,0.305,-6.4621917323,1.0319722540977449e-10,NCT00144508,4
age_std,0.785,0.272,2.881788388,0.003954252,NCT00144508,4
I(age_std^2),0.407,0.168,2.4294792845,0.015120529,NCT00144508,4
sex,0.402,0.412,0.9764302301,0.3288513069,NCT00144508,4
como_cnt,0.331,0.585,0.5662437141,0.5712281172,NCT00144508,4
I(como_cnt^2),-0.253,0.281,-0.9002946628,0.3679634606,NCT00144508,4
(Intercept),-1.488,0.154,-9.6640807751,4.284489197355776e-22,NCT01007435,1
age_std,-0.253,0.102,-2.483004333,0.0130279503,NCT01007435,1
sex,0.242,0.215,1.1258399563000001,0.2602332682,NCT01007435,1
como_cnt,0.421,0.082,5.1548245878,2.538684600292254e-7,NCT01007435,1
(Intercept),-1.582,0.162,-9.7350327111,2.137489143325832e-22,NCT01007435,2
age_std,-0.257,0.102,-2.5146952198,0.0119135325,NCT01007435,2
sex,0.224,0.216,1.0377572542,0.2993830822,NCT01007435,2
como_cnt,0.772,0.189,4.0850131282,4.4074324575465976e-5,NCT01007435,2
I(como_cnt^2),-0.102,0.05,-2.0606663389,0.0393348831,NCT01007435,2
(Intercept),-1.064,0.123,-8.6850406644,3.786069162844107e-18,NCT01007435,5
age_std,-0.119,0.097,-1.229751071,0.2187903358,NCT01007435,5
sex,0.241,0.21,1.1482772326,0.2508541348,NCT01007435,5
(Intercept),-1.491,0.154,-9.7047806807,2.876943621851567e-22,NCT01007435,3
age_std,-0.168,0.181,-0.9278407595,0.3534901776,NCT01007435,3
I(age_std^2),0.05,0.089,0.5676473127,0.5702744739,NCT01007435,3
sex,0.245,0.215,1.1420621528,0.2534281858,NCT01007435,3
como_cnt,0.416,0.082,5.0774498931,3.825343436484503e-7,NCT01007435,3
(Intercept),-1.586,0.162,-9.7665711689,1.5666457219743794e-22,NCT01007435,4
age_std,-0.165,0.18,-0.9191375595,0.3580236258,NCT01007435,4
I(age_std^2),0.055,0.089,0.6173995229,0.5369712366,NCT01007435,4
sex,0.228,0.216,1.0554817907,0.2912050332,NCT01007435,4
como_cnt,0.769,0.189,4.0694547097,4.7123298632647226e-5,NCT01007435,4
I(como_cnt^2),-0.103,0.05,-2.0733142749,0.0381430411,NCT01007435,4
(Intercept),-1.757,0.294,-5.9768039828,2.2755772945322585e-9,NCT01119859,1
age_std,0.232,0.193,1.202089777,0.2293287467,NCT01119859,1
sex,0.445,0.351,1.2672193806,0.2050768578,NCT01119859,1
como_cnt,0.076,0.125,0.6101795291,0.5417428887,NCT01119859,1
(Intercept),-1.408,0.334,-4.2172305739,2.4732105100484437e-5,NCT01119859,2
age_std,0.264,0.194,1.3631541478,0.1728339346,NCT01119859,2
sex,0.478,0.353,1.3551769183,0.1753611968,NCT01119859,2
como_cnt,-0.46,0.306,-1.5001195101,0.133583448,NCT01119859,2
I(como_cnt^2),0.12,0.063,1.9096537142,0.0561778142,NCT01119859,2
(Intercept),-1.619,0.181,-8.9460469737,3.6844032718274083e-19,NCT01119859,5
age_std,0.269,0.182,1.4762132361,0.1398866574,NCT01119859,5
sex,0.432,0.35,1.2349836734,0.2168365805,NCT01119859,5
(Intercept),-1.706,0.307,-5.5598669692,2.6998035775363047e-8,NCT01119859,3
age_std,0.147,0.247,0.5939430684,0.5525501918,NCT01119859,3
I(age_std^2),-0.109,0.194,-0.5654598611,0.5717610184,NCT01119859,3
sex,0.442,0.351,1.2594817455,0.2078563796,NCT01119859,3
como_cnt,0.08,0.125,0.6380173113,0.5234624113,NCT01119859,3
(Intercept),-1.332,0.349,-3.814937218,1.3621756074137618e-4,NCT01119859,4
age_std,0.157,0.251,0.6257497767,0.5314790785,NCT01119859,4
I(age_std^2),-0.138,0.196,-0.7065313722,0.4798577501,NCT01119859,4
sex,0.473,0.353,1.3415382438,0.1797457616,NCT01119859,4
como_cnt,-0.471,0.307,-1.5347932088,0.1248346315,NCT01119859,4
I(como_cnt^2),0.123,0.063,1.9574038579,0.0503000053,NCT01119859,4
(Intercept),-7.424,2.949,-2.5174349868,0.0118212784,NCT01209702,1
age_std,-2.02,1.179,-1.712362877,0.0868298159,NCT01209702,1
sex,-0.38,1.33,-0.2855893371,0.7751926713,NCT01209702,1
como_cnt,1.222,0.669,1.8258492695,0.0678729695,NCT01209702,1
(Intercept),-7.424,2.95,-2.5165022581,0.0118526141,NCT01209702,2
age_std,-2.019,1.203,-1.6781733644,0.0933132599,NCT01209702,2
sex,-0.38,1.351,-0.2809613696,0.7787400294,NCT01209702,2
como_cnt,1.224,1.513,0.8090650521,0.4184777291,NCT01209702,2
I(como_cnt^2),-0.001,0.437,-0.001484711,0.9988153724,NCT01209702,2
(Intercept),-4.625,1.755,-2.6344503909,0.0084273618,NCT01209702,5
age_std,-1.041,0.889,-1.1707570768,0.2416964355,NCT01209702,5
sex,-0.55,1.265,-0.4344640811,0.6639514727,NCT01209702,5
(Intercept),-13.875,8.696,-1.5955263252,0.110594588,NCT01209702,3
age_std,-10.397,9.627,-1.0799631524,0.280158589,NCT01209702,3
I(age_std^2),-2.522,2.76,-0.9136040436,0.3609249409,NCT01209702,3
sex,-0.207,1.407,-0.1469193349,0.8831956905,NCT01209702,3
como_cnt,1.376,0.724,1.9005019523,0.057367279,NCT01209702,3
(Intercept),-20.714,16.082,-1.2880163532,0.1977402707,NCT01209702,4
age_std,-17.73,16.855,-1.0519014658,0.2928447593,NCT01209702,4
I(age_std^2),-4.375,4.424,-0.9889399826,0.3226925069,NCT01209702,4
sex,-0.046,1.438,-0.0317154751,0.9746989538,NCT01209702,4
como_cnt,-0.115,2.237,-0.0513155113,0.9590741081,NCT01209702,4
I(como_cnt^2),0.636,0.961,0.6616663688,0.5081850628,NCT01209702,4
(Intercept),-1.196,0.173,-6.9107189309,4.82203621788663e-12,NCT01232569,1
age_std,0.067,0.121,0.5545060845,0.5792325428,NCT01232569,1
sex,0.254,0.235,1.0798993649,0.2801869961,NCT01232569,1
como_cnt,0.532,0.079,6.7044311171,2.0219250335331552e-11,NCT01232569,1
(Intercept),-1.177,0.197,-5.9867704033,2.140485985923484e-9,NCT01232569,2
age_std,0.069,0.121,0.5720978011,0.5672557188,NCT01232569,2
sex,0.252,0.235,1.0698036116,0.2847077163,NCT01232569,2
como_cnt,0.495,0.199,2.4810613522,0.0130991825,NCT01232569,2
I(como_cnt^2),0.01,0.052,0.2009036624,0.8407739039,NCT01232569,2
(Intercept),-0.303,0.104,-2.9124959316,0.0035855287,NCT01232569,5
age_std,0.369,0.109,3.3755887783,7.365792332020057e-4,NCT01232569,5
sex,0.061,0.224,0.2728793007,0.7849459985,NCT01232569,5
(Intercept),-1.189,0.174,-6.8482392774,7.476444070141234e-12,NCT01232569,3
age_std,-0.001,0.194,-0.0058620571,0.9953227819,NCT01232569,3
I(age_std^2),-0.052,0.116,-0.4474008112,0.6545856902,NCT01232569,3
sex,0.256,0.235,1.0895020715,0.2759325418,NCT01232569,3
como_cnt,0.533,0.079,6.714720567,1.884269566736292e-11,NCT01232569,3
(Intercept),-1.167,0.198,-5.9048863828,3.528898684073687e-9,NCT01232569,4
age_std,-0.001,0.194,-0.0064730779,0.9948352671,NCT01232569,4
I(age_std^2),-0.054,0.116,-0.4648289534,0.6420539518,NCT01232569,4
sex,0.254,0.235,1.078311965,0.2808945593,NCT01232569,4
como_cnt,0.489,0.2,2.4463697231,0.0144302937,NCT01232569,4
I(como_cnt^2),0.012,0.052,0.2371606429,0.8125321678,NCT01232569,4
(Intercept),-2.055,0.455,-4.5162402036,6.294725919169461e-6,NCT01264939,1
age_std,-0.075,0.172,-0.4332270072,0.6648498604,NCT01264939,1
sex,-0.092,0.362,-0.2531061159,0.8001862129,NCT01264939,1
como_cnt,0.064,0.131,0.4896112877,0.6244089875,NCT01264939,1
(Intercept),-1.416,0.629,-2.249320513,0.0244921117,NCT01264939,2
age_std,-0.1,0.174,-0.5755516435,0.5649182742,NCT01264939,2
sex,-0.143,0.366,-0.3910809367,0.6957374111,NCT01264939,2
como_cnt,-0.505,0.43,-1.1755624883,0.2397697528,NCT01264939,2
I(como_cnt^2),0.096,0.069,1.3932752136,0.163536583,NCT01264939,2
(Intercept),-1.88,0.274,-6.8609787974,6.839031480466906e-12,NCT01264939,5
age_std,-0.059,0.169,-0.3477575864,0.7280222449,NCT01264939,5
sex,-0.103,0.361,-0.2845415921,0.7759953648,NCT01264939,5
(Intercept),-2.097,0.469,-4.4676355936,7.908888085457625e-6,NCT01264939,3
age_std,-0.239,0.435,-0.5507136928,0.5818299566,NCT01264939,3
I(age_std^2),-0.07,0.169,-0.4158233298,0.677539286,NCT01264939,3
sex,-0.087,0.362,-0.2415204636,0.8091517582,NCT01264939,3
como_cnt,0.066,0.131,0.5050672722,0.6135115873,NCT01264939,3
(Intercept),-1.457,0.641,-2.2732388307,0.0230117915,NCT01264939,4
age_std,-0.259,0.438,-0.590330951,0.5549687929,NCT01264939,4
I(age_std^2),-0.068,0.17,-0.3966299279,0.6916403797,NCT01264939,4
sex,-0.138,0.366,-0.3766331578,0.706446243,NCT01264939,4
como_cnt,-0.501,0.431,-1.1648744822,0.2440698041,NCT01264939,4
I(como_cnt^2),0.096,0.069,1.3856405809,0.1658566802,NCT01264939,4
(Intercept),-2.195,0.522,-4.2025601075,2.6391313935596952e-5,NCT01287117,1
age_std,-0.482,0.244,-1.9735587294,0.0484319404,NCT01287117,1
sex,0.328,0.453,0.723785047,0.4691977108,NCT01287117,1
como_cnt,-0.189,0.196,-0.9637077691,0.3351924582,NCT01287117,1
(Intercept),-2.319,0.553,-4.1936833364,2.744610571812078e-5,NCT01287117,2
age_std,-0.491,0.245,-2.0029335526,0.0451844211,NCT01287117,2
sex,0.356,0.455,0.7828643336,0.4337067839,NCT01287117,2
como_cnt,0.193,0.55,0.3511576878,0.7254700515,NCT01287117,2
I(como_cnt^2),-0.123,0.177,-0.694104981,0.4876163751,NCT01287117,2
(Intercept),-2.467,0.452,-5.4588955166,4.7910558309933176e-8,NCT01287117,5
age_std,-0.534,0.236,-2.2678706232,0.0233370933,NCT01287117,5
sex,0.36,0.451,0.7996247042,0.4239282698,NCT01287117,5
(Intercept),-1.928,0.554,-3.4817170467,4.982098369027693e-4,NCT01287117,3
age_std,0.122,0.63,0.1940544189,0.8461332716,NCT01287117,3
I(age_std^2),0.218,0.216,1.0066440905,0.3141058385,NCT01287117,3
sex,0.282,0.458,0.6160949766,0.5378318373,NCT01287117,3
como_cnt,-0.22,0.199,-1.1024299211,0.2702748094,NCT01287117,3
(Intercept),-2.058,0.578,-3.5613238578,3.6898961283130015e-4,NCT01287117,4
age_std,0.128,0.618,0.2066588001,0.8362763355,NCT01287117,4
I(age_std^2),0.225,0.213,1.0530851026,0.2923019899,NCT01287117,4
sex,0.308,0.46,0.6684688993,0.5038343279,NCT01287117,4
como_cnt,0.196,0.562,0.3487692374,0.72726256,NCT01287117,4
I(como_cnt^2),-0.135,0.183,-0.7374809213,0.4608299412,NCT01287117,4
(Intercept),-2.283,0.644,-3.5430929828,3.9546324073492996e-4,NCT01292473,1
age_std,-0.52,0.33,-1.5760986436,0.1150030716,NCT01292473,1
sex,-1.839,1.059,-1.7361827745,0.082531522,NCT01292473,1
como_cnt,-0.196,0.247,-0.7940267342,0.4271798679,NCT01292473,1
(Intercept),-2.273,0.662,-3.4323274593,5.984245261296433e-4,NCT01292473,2
age_std,-0.521,0.33,-1.5773623966,0.1147121627,NCT01292473,2
sex,-1.842,1.061,-1.737017681,0.08238405,NCT01292473,2
como_cnt,-0.233,0.612,-0.3805938097,0.7035046754,NCT01292473,2
I(como_cnt^2),0.012,0.178,0.0653835604,0.9478686129,NCT01292473,2
(Intercept),-2.592,0.534,-4.8503450642,1.2324687395226279e-6,NCT01292473,5
age_std,-0.578,0.322,-1.7965755927,0.0724030221,NCT01292473,5
sex,-1.746,1.052,-1.6600167212,0.0969110887,NCT01292473,5
(Intercept),-2.031,0.639,-3.1756991821,0.0014947587,NCT01292473,3
age_std,0.211,0.706,0.2992054576,0.7647832854,NCT01292473,3
I(age_std^2),0.291,0.263,1.1053010275,0.2690291729,NCT01292473,3
sex,-1.842,1.063,-1.732903807,0.0831127675,NCT01292473,3
como_cnt,-0.214,0.251,-0.8521922424,0.3941074016,NCT01292473,3
(Intercept),-2.026,0.654,-3.0993603685,0.0019393897,NCT01292473,4
age_std,0.209,0.707,0.2960056697,0.7672257516,NCT01292473,4
I(age_std^2),0.29,0.263,1.1030136209,0.2700212501,NCT01292473,4
sex,-1.844,1.064,-1.7323286417,0.0832150652,NCT01292473,4
como_cnt,-0.232,0.623,-0.372852344,0.7092583424,NCT01292473,4
I(como_cnt^2),0.006,0.182,0.0326419571,0.9739601108,NCT01292473,4
(Intercept),-0.593,0.059,-10.0975538814,5.663728168687715e-24,NCT00694382,1
age_std,0.171,0.052,3.2750196929,0.0010565461,NCT00694382,1
sex,0.119,0.075,1.5849577806,0.112975927,NCT00694382,1
como_cnt,-0.037,0.734,-0.0498300964,0.960257783,NCT00694382,1
(Intercept),-0.593,0.059,-10.0975538814,5.663728168687715e-24,NCT00694382,2
age_std,0.171,0.052,3.2750196929,0.0010565461,NCT00694382,2
sex,0.119,0.075,1.5849577806,0.112975927,NCT00694382,2
como_cnt,-0.037,0.734,-0.0498300964,0.960257783,NCT00694382,2
(Intercept),-0.593,0.059,-10.0986629754,5.600046129830545e-24,NCT00694382,5
age_std,0.171,0.052,3.2748532144,0.0010571689,NCT00694382,5
sex,0.119,0.075,1.5841907154,0.1131503255,NCT00694382,5
(Intercept),-0.622,0.064,-9.7092206516,2.754350106572568e-22,NCT00694382,3
age_std,0.186,0.054,3.4769627175,5.071283301245828e-4,NCT00694382,3
I(age_std^2),0.059,0.051,1.1602812082,0.2459343329,NCT00694382,3
sex,0.12,0.075,1.5980284297,0.1100366501,NCT00694382,3
como_cnt,-0.078,0.734,-0.1063026076,0.9153422627,NCT00694382,3
(Intercept),-0.622,0.064,-9.7092206516,2.754350106572568e-22,NCT00694382,4
age_std,0.186,0.054,3.4769627175,5.071283301245828e-4,NCT00694382,4
I(age_std^2),0.059,0.051,1.1602812082,0.2459343329,NCT00694382,4
sex,0.12,0.075,1.5980284297,0.1100366501,NCT00694382,4
como_cnt,-0.078,0.734,-0.1063026076,0.9153422627,NCT00694382,4
(Intercept),0.216,0.217,0.9990552142,0.3177679449,NCT00783718,1
age_std,0.03,0.1,0.3041752499,0.7609943797,NCT00783718,1
sex,0.29,0.165,1.7587479528,0.0786203286,NCT00783718,1
como_cnt,0.134,0.08,1.6777581534,0.0933943216,NCT00783718,1
(Intercept),0.164,0.222,0.7409132683,0.45874603,NCT00783718,2
age_std,0.029,0.1,0.2879381363,0.773394094,NCT00783718,2
sex,0.292,0.165,1.7721059267,0.0763769753,NCT00783718,2
como_cnt,0.297,0.173,1.7158734557,0.086185206,NCT00783718,2
I(como_cnt^2),-0.049,0.046,-1.0725742616,0.283462178,NCT00783718,2
(Intercept),0.421,0.18,2.3383723483,0.0193679409,NCT00783718,5
age_std,0.088,0.094,0.9301385297,0.3522993638,NCT00783718,5
sex,0.284,0.164,1.728909559,0.083825283,NCT00783718,5
(Intercept),0.208,0.227,0.913117348,0.3611808273,NCT00783718,3
age_std,0.001,0.251,0.0057723017,0.9953943952,NCT00783718,3
I(age_std^2),-0.012,0.096,-0.1254755372,0.9001470905,NCT00783718,3
sex,0.29,0.165,1.76029387,0.078357993,NCT00783718,3
como_cnt,0.135,0.08,1.6818034587,0.0926069578,NCT00783718,3
(Intercept),0.153,0.233,0.6564659801,0.5115243497,NCT00783718,4
age_std,-0.008,0.252,-0.0319276099,0.9745297804,NCT00783718,4
I(age_std^2),-0.015,0.097,-0.1594352426,0.8733259744,NCT00783718,4
sex,0.293,0.165,1.7742720383,0.0760181634,NCT00783718,4
como_cnt,0.299,0.173,1.7220714308,0.0850565796,NCT00783718,4
I(como_cnt^2),-0.049,0.046,-1.0772036838,0.2813892799,NCT00783718,4
(Intercept),-0.113,0.082,-1.3893139554,0.1647373021,NCT00856284,1
age_std,-0.198,0.074,-2.6544980455,0.00794265,NCT00856284,1
sex,-0.075,0.096,-0.7841896385,0.432928844,NCT00856284,1
como_cnt,0.003,0.054,0.053899747,0.9570150382,NCT00856284,1
(Intercept),-0.093,0.084,-1.1145130994,0.2650591279,NCT00856284,2
age_std,-0.202,0.075,-2.7130742205,0.0066662174,NCT00856284,2
sex,-0.073,0.096,-0.7642804127,0.4447001554,NCT00856284,2
como_cnt,-0.102,0.113,-0.9105893921,0.3625117618,NCT00856284,2
I(como_cnt^2),0.037,0.035,1.0625795175,0.2879726797,NCT00856284,2
(Intercept),-0.111,0.072,-1.5500649465,0.1211259284,NCT00856284,5
age_std,-0.197,0.074,-2.658363779,0.0078521086,NCT00856284,5
sex,-0.075,0.096,-0.7883355272,0.430500472,NCT00856284,5
(Intercept),-0.178,0.085,-2.0873988504,0.0368520958,NCT00856284,3
age_std,-0.029,0.096,-0.302488288,0.7622798604,NCT00856284,3
I(age_std^2),0.239,0.088,2.7115167588,0.0066976155,NCT00856284,3
sex,-0.079,0.096,-0.8232902469,0.4103429586,NCT00856284,3
como_cnt,-0.002,0.055,-0.0454557412,0.9637440518,NCT00856284,3
(Intercept),-0.159,0.087,-1.815632403,0.0694267796,NCT00856284,4
age_std,-0.036,0.097,-0.3712997006,0.7104143209,NCT00856284,4
I(age_std^2),0.235,0.088,2.6686107147,0.0076165671,NCT00856284,4
sex,-0.077,0.096,-0.8049788093,0.4208319083,NCT00856284,4
como_cnt,-0.097,0.113,-0.8563742551,0.3917908003,NCT00856284,4
I(como_cnt^2),0.033,0.035,0.9461528765,0.3440706174,NCT00856284,4
(Intercept),-2.13,0.103,-20.7245479969,2.080719817964867e-95,NCT00968708,1
age_std,0.531,0.067,7.9129587167,2.513427235412355e-15,NCT00968708,1
sex,-0.125,0.091,-1.3741685924,0.1693893488,NCT00968708,1
como_cnt,0.042,0.033,1.2985905337,0.1940844884,NCT00968708,1
(Intercept),-1.857,0.137,-13.5647651077,6.478687506211848e-42,NCT00968708,2
age_std,0.528,0.067,7.8519484796,4.096227730788022e-15,NCT00968708,2
sex,-0.129,0.091,-1.4167431393,0.1565580395,NCT00968708,2
como_cnt,-0.226,0.097,-2.3304671074,0.0197814765,NCT00968708,2
I(como_cnt^2),0.048,0.016,2.9545345652,0.0031314107,NCT00968708,2
(Intercept),-2.041,0.076,-26.8911740332,2.785539977041098e-159,NCT00968708,5
age_std,0.537,0.067,8.0100715956,1.1464168412222768e-15,NCT00968708,5
sex,-0.122,0.091,-1.345096042,0.1785942212,NCT00968708,5
(Intercept),-2.272,0.108,-21.133620721,3.90430073502191e-99,NCT00968708,3
age_std,0.4,0.065,6.1371008426,8.404104225272711e-10,NCT00968708,3
I(age_std^2),0.343,0.066,5.170355137,2.336495370555678e-7,NCT00968708,3
sex,-0.118,0.091,-1.2945846574,0.1954635479,NCT00968708,3
como_cnt,0.038,0.033,1.1456691484,0.2519320739,NCT00968708,3
(Intercept),-1.996,0.14,-14.2214128195,6.7476758497781815e-46,NCT00968708,4
age_std,0.397,0.065,6.0744603986,1.244053308204123e-9,NCT00968708,4
I(age_std^2),0.345,0.066,5.1870947908,2.136000233404088e-7,NCT00968708,4
sex,-0.122,0.091,-1.3392190213,0.1804993819,NCT00968708,4
como_cnt,-0.234,0.097,-2.4058534411,0.0161347361,NCT00968708,4
I(como_cnt^2),0.048,0.016,2.9804297338,0.0028784427,NCT00968708,4
(Intercept),-3.274,0.616,-5.3103182279,1.094339829356921e-7,NCT01224171,1
age_std,-0.379,0.265,-1.430189507,0.1526626362,NCT01224171,1
sex,-0.177,0.405,-0.4374664103,0.661773131,NCT01224171,1
como_cnt,0.092,0.175,0.522923086,0.6010277784,NCT01224171,1
(Intercept),-3.152,0.633,-4.9816249507,6.305255006129829e-7,NCT01224171,2
age_std,-0.393,0.271,-1.4517801893,0.146562734,NCT01224171,2
sex,-0.206,0.407,-0.5057723101,0.6130164991,NCT01224171,2
como_cnt,-0.183,0.356,-0.5141188897,0.6071688714,NCT01224171,2
I(como_cnt^2),0.065,0.071,0.9158808551,0.3597293892,NCT01224171,2
(Intercept),-3.084,0.488,-6.322069647,2.580830013365069e-10,NCT01224171,5
age_std,-0.337,0.251,-1.3412820949,0.1798288809,NCT01224171,5
sex,-0.204,0.402,-0.5069836627,0.6121662818,NCT01224171,5
(Intercept),-4.028,0.959,-4.2008847964,2.6587386389751268e-5,NCT01224171,3
age_std,-1.737,1.16,-1.4971294011,0.1343595908,NCT01224171,3
I(age_std^2),-0.461,0.367,-1.2547973384,0.209552339,NCT01224171,3
sex,-0.143,0.408,-0.351718442,0.7250494285,NCT01224171,3
como_cnt,0.1,0.173,0.5753972565,0.5650226592,NCT01224171,3
(Intercept),-3.952,0.992,-3.9852517638,6.74086153805941e-5,NCT01224171,4
age_std,-1.798,1.196,-1.5030399463,0.1328287433,NCT01224171,4
I(age_std^2),-0.472,0.375,-1.2588901415,0.2080700152,NCT01224171,4
sex,-0.171,0.409,-0.4180931921,0.6758789823,NCT01224171,4
como_cnt,-0.183,0.361,-0.5084844537,0.6111136389,NCT01224171,4
I(como_cnt^2),0.069,0.074,0.9220975543,0.3564776926,NCT01224171,4
(Intercept),-1.455,0.714,-2.0386826807,0.0414817074,NCT01087762,1
age_std,-0.296,0.266,-1.1127086056,0.2658335984,NCT01087762,1
sex,0.077,0.408,0.1887287903,0.8503053857,NCT01087762,1
como_cnt,0.139,0.209,0.6652843251,0.5058686544,NCT01087762,1
(Intercept),-2.384,1.116,-2.1360753672,0.0326732712,NCT01087762,2
age_std,-0.315,0.266,-1.1855672248,0.235793252,NCT01087762,2
sex,0.159,0.417,0.3803014292,0.7037216747,NCT01087762,2
como_cnt,1.077,0.885,1.2165860293,0.2237617609,NCT01087762,2
I(como_cnt^2),-0.19,0.178,-1.0723670836,0.2835551865,NCT01087762,2
(Intercept),-1.127,0.505,-2.2327770856,0.0255636481,NCT01087762,5
age_std,-0.243,0.253,-0.9625033692,0.3357968116,NCT01087762,5
sex,0.033,0.401,0.0815894635,0.9349731803,NCT01087762,5
(Intercept),-1.28,0.809,-1.5818896693,0.1136747597,NCT01087762,3
age_std,0.055,0.837,0.0656906359,0.9476241278,NCT01087762,3
I(age_std^2),0.129,0.294,0.4389164372,0.660722086,NCT01087762,3
sex,0.081,0.408,0.1984846078,0.8426659264,NCT01087762,3
como_cnt,0.129,0.211,0.6098748448,0.5419447172,NCT01087762,3
(Intercept),-2.217,1.176,-1.8848806224,0.0594459568,NCT01087762,4
age_std,0.042,0.832,0.0504624907,0.9597538394,NCT01087762,4
I(age_std^2),0.132,0.294,0.4501415809,0.6526083564,NCT01087762,4
sex,0.166,0.418,0.3963336747,0.6918588881,NCT01087762,4
como_cnt,1.074,0.889,1.2078163969,0.227117893,NCT01087762,4
I(como_cnt^2),-0.192,0.178,-1.0758021553,0.2820157482,NCT01087762,4
(Intercept),-1.103,0.416,-2.6507926566,0.0080303123,NCT01087788,1
age_std,-0.135,0.25,-0.5380180579,0.5905645818,NCT01087788,1
sex,0.148,0.35,0.4217611796,0.6731993438,NCT01087788,1
como_cnt,0.336,0.14,2.4016972182,0.0163192097,NCT01087788,1
(Intercept),-1.21,0.437,-2.7679968047,0.0056402009,NCT01087788,2
age_std,-0.149,0.25,-0.5964802677,0.5508544321,NCT01087788,2
sex,0.149,0.352,0.4226902873,0.6725212429,NCT01087788,2
como_cnt,0.576,0.315,1.8304655223,0.0671803578,NCT01087788,2
I(como_cnt^2),-0.059,0.069,-0.8608838029,0.3893020433,NCT01087788,2
(Intercept),-0.45,0.301,-1.4942236927,0.135117162,NCT01087788,5
age_std,0.035,0.236,0.1470803079,0.8830686329,NCT01087788,5
sex,-0.134,0.324,-0.4124682514,0.6799962466,NCT01087788,5
(Intercept),-0.779,0.439,-1.7759552476,0.0757402937,NCT01087788,3
age_std,1.897,0.652,2.9108756929,0.0036041738,NCT01087788,3
I(age_std^2),1.13,0.329,3.429750209,6.041371371916306e-4,NCT01087788,3
sex,0.257,0.365,0.7045466932,0.4810923822,NCT01087788,3
como_cnt,0.323,0.145,2.2273056151,0.0259268555,NCT01087788,3
(Intercept),-0.908,0.467,-1.945178105,0.0517535461,NCT01087788,4
age_std,1.87,0.649,2.8813690137,0.0039595177,NCT01087788,4
I(age_std^2),1.13,0.329,3.4349515747,5.926597245556929e-4,NCT01087788,4
sex,0.259,0.367,0.7057730768,0.4803292676,NCT01087788,4
como_cnt,0.582,0.329,1.76892793,0.0769059025,NCT01087788,4
I(como_cnt^2),-0.064,0.072,-0.8810023065,0.3783165716,NCT01087788,4
